Device,Humidity,Temperature,Experiment,time,Pi
 'gnfuv-temp-exp1-55d487b85b-2bl8b',43,27,1,2018-03-26 17:13:52.221747000,pi3
 'gnfuv-temp-exp1-55d487b85b-2bl8b',39,31,1,2018-03-26 17:13:57.033001000,pi3
 'gnfuv-temp-exp1-55d487b85b-2bl8b',39,31,1,2018-03-26 17:14:04.327597000,pi3
 'gnfuv-temp-exp1-55d487b85b-2bl8b',39,31,1,2018-03-26 17:14:14.188583000,pi3
 'gnfuv-temp-exp1-55d487b85b-2bl8b',39,31,1,2018-03-26 17:14:22.619839000,pi3
 'gnfuv-temp-exp1-55d487b85b-2bl8b',39,31,1,2018-03-26 17:14:32.483788000,pi3
 'gnfuv-temp-exp1-55d487b85b-2bl8b',38,31,1,2018-03-26 17:14:39.827079000,pi3
 'gnfuv-temp-exp1-55d487b85b-2bl8b',38,31,1,2018-03-26 17:14:44.608818000,pi3
 'gnfuv-temp-exp1-55d487b85b-2bl8b',38,31,1,2018-03-26 17:14:49.513078000,pi3
 'gnfuv-temp-exp1-55d487b85b-2bl8b',38,31,1,2018-03-26 17:14:56.806605000,pi3
 'gnfuv-temp-exp1-55d487b85b-2bl8b',38,31,1,2018-03-26 17:15:02.718445000,pi3
 'gnfuv-temp-exp1-55d487b85b-2bl8b',38,31,1,2018-03-26 17:15:10.537023000,pi3
 'gnfuv-temp-exp1-55d487b85b-2bl8b',38,31,1,2018-03-26 17:15:18.465747000,pi3
 'gnfuv-temp-exp1-55d487b85b-2bl8b',38,31,1,2018-03-26 17:15:27.763490000,pi3
 'gnfuv-temp-exp1-55d487b85b-2bl8b',38,32,1,2018-03-26 17:15:32.926098000,pi3
 'gnfuv-temp-exp1-55d487b85b-2bl8b',38,32,1,2018-03-26 17:15:37.919781000,pi3
 'gnfuv-temp-exp1-55d487b85b-2bl8b',37,31,1,2018-03-26 17:15:47.832277000,pi3
 'gnfuv-temp-exp1-55d487b85b-2bl8b',38,32,1,2018-03-26 17:15:55.190836000,pi3
 'gnfuv-temp-exp1-55d487b85b-2bl8b',37,32,1,2018-03-26 17:16:01.093202000,pi3
 'gnfuv-temp-exp1-55d487b85b-2bl8b',37,32,1,2018-03-26 17:16:09.750487000,pi3
 'gnfuv-temp-exp1-55d487b85b-2bl8b',38,32,1,2018-03-26 17:16:14.500218000,pi3
 'gnfuv-temp-exp1-55d487b85b-2bl8b',38,32,1,2018-03-26 17:16:19.273346000,pi3
 'gnfuv-temp-exp1-55d487b85b-2bl8b',38,32,1,2018-03-26 17:16:24.054953000,pi3
 'gnfuv-temp-exp1-55d487b85b-2bl8b',37,32,1,2018-03-26 17:16:31.336516000,pi3
 'gnfuv-temp-exp1-55d487b85b-2bl8b',37,32,1,2018-03-26 17:16:36.103487000,pi3
 'gnfuv-temp-exp1-55d487b85b-2bl8b',38,32,1,2018-03-26 17:16:40.862172000,pi3
 'gnfuv-temp-exp1-55d487b85b-2bl8b',37,32,1,2018-03-26 17:16:48.160089000,pi3
 'gnfuv-temp-exp1-55d487b85b-2bl8b',37,32,1,2018-03-26 17:16:52.933050000,pi3
 'gnfuv-temp-exp1-55d487b85b-2bl8b',37,32,1,2018-03-26 17:17:05.348850000,pi3
 'gnfuv-temp-exp1-55d487b85b-2bl8b',37,32,1,2018-03-26 17:17:10.142408000,pi3
 'gnfuv-temp-exp1-55d487b85b-2bl8b',37,32,1,2018-03-26 17:17:15.314865000,pi3
 'gnfuv-temp-exp1-55d487b85b-2bl8b',37,32,1,2018-03-26 17:17:20.233219000,pi3
 'gnfuv-temp-exp1-55d487b85b-2bl8b',37,32,1,2018-03-26 17:17:34.938635000,pi3
 'gnfuv-temp-exp1-55d487b85b-2bl8b',37,32,1,2018-03-26 17:17:42.245214000,pi3
 'gnfuv-temp-exp1-55d487b85b-2bl8b',37,32,1,2018-03-26 17:17:49.568112000,pi3
 'gnfuv-temp-exp1-55d487b85b-2bl8b',37,32,1,2018-03-26 17:17:56.885225000,pi3
 'gnfuv-temp-exp1-55d487b85b-2bl8b',37,32,1,2018-03-26 17:18:01.800870000,pi3
 'gnfuv-temp-exp1-55d487b85b-2bl8b',37,32,1,2018-03-26 17:18:15.098149000,pi3
 'gnfuv-temp-exp1-55d487b85b-2bl8b',37,32,1,2018-03-26 17:18:19.981963000,pi3
 'gnfuv-temp-exp1-55d487b85b-2bl8b',37,32,1,2018-03-26 17:18:32.384082000,pi3
 'gnfuv-temp-exp1-55d487b85b-2bl8b',37,32,1,2018-03-26 17:18:42.245175000,pi3
 'gnfuv-temp-exp1-55d487b85b-2bl8b',37,32,1,2018-03-26 17:18:54.317463000,pi3
 'gnfuv-temp-exp1-55d487b85b-2bl8b',37,32,1,2018-03-26 17:18:59.189741000,pi3
 'gnfuv-temp-exp1-55d487b85b-2bl8b',37,32,1,2018-03-26 17:19:05.283386000,pi3
 'gnfuv-temp-exp1-55d487b85b-2bl8b',37,32,1,2018-03-26 17:19:15.655731000,pi3
 'gnfuv-temp-exp1-55d487b85b-2bl8b',37,32,1,2018-03-26 17:19:20.523852000,pi3
 'gnfuv-temp-exp1-55d487b85b-2bl8b',37,32,1,2018-03-26 17:19:26.964212000,pi3
 'gnfuv-temp-exp1-55d487b85b-2bl8b',37,32,1,2018-03-26 17:19:32.063462000,pi3
 'gnfuv-temp-exp1-55d487b85b-2bl8b',37,32,1,2018-03-26 17:19:40.730000000,pi3
 'gnfuv-temp-exp1-55d487b85b-2bl8b',37,32,1,2018-03-26 17:19:45.773306000,pi3
 'gnfuv-temp-exp1-55d487b85b-2bl8b',37,32,1,2018-03-26 17:19:53.571996000,pi3
 'gnfuv-temp-exp1-55d487b85b-2bl8b',36,32,1,2018-03-26 17:20:27.429902000,pi3
 'gnfuv-temp-exp1-55d487b85b-2bl8b',37,32,1,2018-03-26 17:20:33.039090000,pi3
 'gnfuv-temp-exp1-55d487b85b-2bl8b',37,32,1,2018-03-26 17:20:39.276776000,pi3
 'gnfuv-temp-exp1-55d487b85b-2bl8b',37,32,1,2018-03-26 17:20:45.519475000,pi3
 'gnfuv-temp-exp1-55d487b85b-2bl8b',38,32,1,2018-03-26 17:20:51.758809000,pi3
 'gnfuv-temp-exp1-55d487b85b-2bl8b',38,32,1,2018-03-26 17:20:57.999289000,pi3
 'gnfuv-temp-exp1-55d487b85b-2bl8b',37,32,1,2018-03-26 17:21:02.933552000,pi3
 'gnfuv-temp-exp1-55d487b85b-2bl8b',37,32,1,2018-03-26 17:21:12.885718000,pi3
 'gnfuv-temp-exp1-55d487b85b-2bl8b',37,32,1,2018-03-26 17:21:17.666340000,pi3
 'gnfuv-temp-exp1-55d487b85b-2bl8b',37,32,1,2018-03-26 17:21:35.245885000,pi3
 'gnfuv-temp-exp1-55d487b85b-2bl8b',38,32,1,2018-03-26 17:21:49.265297999,pi3
 'gnfuv-temp-exp1-55d487b85b-2bl8b',38,32,1,2018-03-26 17:21:54.046766000,pi3
 'gnfuv-temp-exp1-55d487b85b-2bl8b',38,32,1,2018-03-26 17:21:59.363463000,pi3
 'gnfuv-temp-exp1-55d487b85b-2bl8b',37,32,1,2018-03-26 17:22:04.517352999,pi3
 'gnfuv-temp-exp1-55d487b85b-2bl8b',38,32,1,2018-03-26 17:22:17.861965000,pi3
 'gnfuv-temp-exp1-55d487b85b-2bl8b',37,32,1,2018-03-26 17:22:23.201676000,pi3
 'gnfuv-temp-exp1-55d487b85b-2bl8b',38,32,1,2018-03-26 17:22:30.965503000,pi3
 'gnfuv-temp-exp1-55d487b85b-2bl8b',38,32,1,2018-03-26 17:22:38.372983000,pi3
 'gnfuv-temp-exp1-55d487b85b-2bl8b',38,32,1,2018-03-26 17:22:43.338678000,pi3
 'gnfuv-temp-exp1-55d487b85b-2bl8b',38,32,1,2018-03-26 17:22:48.116349000,pi3
 'gnfuv-temp-exp1-55d487b85b-2bl8b',38,32,1,2018-03-26 17:22:52.875097000,pi3
 'gnfuv-temp-exp1-55d487b85b-2bl8b',38,32,1,2018-03-26 17:22:57.641605000,pi3
 'gnfuv-temp-exp1-55d487b85b-2bl8b',38,32,1,2018-03-26 17:23:04.946320000,pi3
 'gnfuv-temp-exp1-55d487b85b-2bl8b',39,32,1,2018-03-26 17:23:12.252353000,pi3
 'gnfuv-temp-exp1-55d487b85b-2bl8b',38,32,1,2018-03-26 17:23:17.319922000,pi3
 'gnfuv-temp-exp1-55d487b85b-2bl8b',38,32,1,2018-03-26 17:23:22.343922000,pi3
 'gnfuv-temp-exp1-55d487b85b-2bl8b',38,32,1,2018-03-26 17:23:30.137028000,pi3
 'gnfuv-temp-exp1-55d487b85b-2bl8b',38,31,1,2018-03-26 17:23:34.918706000,pi3
 'gnfuv-temp-exp1-55d487b85b-2bl8b',37,31,1,2018-03-26 17:23:43.924320000,pi3
 'gnfuv-temp-exp1-55d487b85b-2bl8b',38,31,1,2018-03-26 17:23:50.236164000,pi3
 'gnfuv-temp-exp1-55d487b85b-2bl8b',38,31,1,2018-03-26 17:24:05.925040000,pi3
 'gnfuv-temp-exp1-55d487b85b-2bl8b',38,31,1,2018-03-26 17:24:11.556648000,pi3
 'gnfuv-temp-exp1-55d487b85b-2bl8b',38,31,1,2018-03-26 17:24:44.909935000,pi3
 'gnfuv-temp-exp1-55d487b85b-2bl8b',39,31,1,2018-03-26 17:24:53.007598000,pi3
 'gnfuv-temp-exp1-55d487b85b-2bl8b',40,31,1,2018-03-26 17:25:00.305733000,pi3
 'gnfuv-temp-exp1-55d487b85b-2bl8b',39,31,1,2018-03-26 17:25:05.381372000,pi3
 'gnfuv-temp-exp1-55d487b85b-2bl8b',39,31,1,2018-03-26 17:25:12.465903000,pi3
 'gnfuv-temp-exp1-55d487b85b-2bl8b',39,31,1,2018-03-26 17:25:17.499694000,pi3
 'gnfuv-temp-exp1-55d487b85b-2bl8b',38,31,1,2018-03-26 17:25:27.976536000,pi3
 'gnfuv-temp-exp1-55d487b85b-2bl8b',39,31,1,2018-03-26 17:25:40.624548000,pi3
 'gnfuv-temp-exp1-55d487b85b-2bl8b',39,31,1,2018-03-26 17:26:14.210469000,pi3
 'gnfuv-temp-exp1-55d487b85b-2bl8b',40,31,1,2018-03-26 17:26:31.995826000,pi3
 'gnfuv-temp-exp1-55d487b85b-2bl8b',40,31,1,2018-03-26 17:27:13.906901000,pi3
 'gnfuv-temp-exp1-55d487b85b-2bl8b',40,31,1,2018-03-26 17:27:23.818630000,pi3
 'gnfuv-temp-exp1-55d487b85b-2bl8b',41,31,1,2018-03-26 17:28:12.994749000,pi3
 'gnfuv-temp-exp1-55d487b85b-2bl8b',41,31,1,2018-03-26 17:28:21.646643000,pi3
 'gnfuv-temp-exp1-55d487b85b-2bl8b',41,31,1,2018-03-26 17:28:30.851373000,pi3
 'gnfuv-temp-exp1-55d487b85b-2bl8b',41,31,1,2018-03-26 17:28:34.959438000,pi3
 'gnfuv-temp-exp1-55d487b85b-2bl8b',41,31,1,2018-03-26 17:28:41.599823000,pi3
 'gnfuv-temp-exp1-55d487b85b-2bl8b',41,31,1,2018-03-26 17:28:48.239526000,pi3
 'gnfuv-temp-exp1-55d487b85b-2bl8b',40,31,1,2018-03-26 17:28:57.407062000,pi3
 'gnfuv-temp-exp1-55d487b85b-2bl8b',41,31,1,2018-03-26 17:29:06.607219000,pi3
 'gnfuv-temp-exp1-55d487b85b-2bl8b',41,31,1,2018-03-26 17:29:13.277233000,pi3
 'gnfuv-temp-exp1-55d487b85b-2bl8b',41,31,1,2018-03-26 17:29:50.108272000,pi3
 'gnfuv-temp-exp1-55d487b85b-2bl8b',41,31,1,2018-03-26 17:29:56.319980000,pi3
 'gnfuv-temp-exp1-55d487b85b-2bl8b',41,31,1,2018-03-26 17:30:05.087318000,pi3
 'gnfuv-temp-exp1-55d487b85b-2bl8b',41,31,1,2018-03-26 17:30:26.493621000,pi3
 'gnfuv-temp-exp1-55d487b85b-2bl8b',40,31,1,2018-03-26 17:30:33.006059000,pi3
 'gnfuv-temp-exp1-55d487b85b-2bl8b',40,31,1,2018-03-26 17:30:42.207224000,pi3
 'gnfuv-temp-exp1-55d487b85b-2bl8b',41,31,1,2018-03-26 17:30:48.876579000,pi3
 'gnfuv-temp-exp1-55d487b85b-2bl8b',40,31,1,2018-03-26 17:30:58.051912000,pi3
 'gnfuv-temp-exp1-55d487b85b-2bl8b',41,31,1,2018-03-26 17:31:02.159564000,pi3
 'gnfuv-temp-exp1-55d487b85b-2bl8b',40,31,1,2018-03-26 17:31:40.800066000,pi3
 'gnfuv-temp-exp1-55d487b85b-2bl8b',41,31,1,2018-03-26 17:32:29.737125000,pi3
 'gnfuv-temp-exp1-55d487b85b-2bl8b',41,31,1,2018-03-26 17:32:38.933226000,pi3
 'gnfuv-temp-exp1-55d487b85b-2bl8b',41,31,1,2018-03-26 17:32:43.039363000,pi3
 'gnfuv-temp-exp1-55d487b85b-2bl8b',41,31,1,2018-03-26 17:32:52.205338000,pi3
 'gnfuv-temp-exp1-55d487b85b-2bl8b',41,31,1,2018-03-26 17:32:56.159146000,pi3
 'gnfuv-temp-exp1-55d487b85b-2bl8b',40,31,1,2018-03-26 17:33:05.326913000,pi3
 'gnfuv-temp-exp1-55d487b85b-2bl8b',41,31,1,2018-03-26 17:33:24.039873000,pi3
 'gnfuv-temp-exp1-55d487b85b-2bl8b',40,31,1,2018-03-26 17:33:31.443125000,pi3
 'gnfuv-temp-exp1-55d487b85b-2bl8b',38,31,1,2018-03-26 17:33:53.733734000,pi3
 'gnfuv-temp-exp1-55d487b85b-2bl8b',40,31,1,2018-03-26 17:34:01.833611000,pi3
 'gnfuv-temp-exp1-55d487b85b-2bl8b',40,31,1,2018-03-26 17:34:06.612025000,pi3
 'gnfuv-temp-exp1-55d487b85b-2bl8b',40,31,1,2018-03-26 17:34:11.418595000,pi3
 'gnfuv-temp-exp1-55d487b85b-2bl8b',40,31,1,2018-03-26 17:34:25.830673000,pi3
 'gnfuv-temp-exp1-55d487b85b-2bl8b',40,31,1,2018-03-26 17:34:33.156346000,pi3
 'gnfuv-temp-exp1-55d487b85b-2bl8b',40,31,1,2018-03-26 17:35:11.793793000,pi3
 'gnfuv-temp-exp1-55d487b85b-2bl8b',40,31,1,2018-03-26 17:35:45.379680000,pi3
 'gnfuv-temp-exp1-55d487b85b-2bl8b',40,31,1,2018-03-26 17:36:21.491059000,pi3
 'gnfuv-temp-exp1-55d487b85b-2bl8b',40,31,1,2018-03-26 17:37:02.656456000,pi3
 'gnfuv-temp-exp1-55d487b85b-2bl8b',40,31,1,2018-03-26 17:37:36.241166000,pi3
 'gnfuv-temp-exp1-55d487b85b-2bl8b',38,32,1,2018-03-26 17:38:09.829204000,pi3
 'gnfuv-temp-exp1-55d487b85b-2bl8b',37,31,1,2018-03-26 17:38:43.410146000,pi3
 'gnfuv-temp-exp1-55d487b85b-2bl8b',40,32,1,2018-03-26 17:38:50.078902000,pi3
 'gnfuv-temp-exp1-55d487b85b-2bl8b',40,32,1,2018-03-26 17:38:55.199242000,pi3
 'gnfuv-temp-exp1-55d487b85b-2bl8b',40,32,1,2018-03-26 17:39:01.838976000,pi3
 'gnfuv-temp-exp1-55d487b85b-2bl8b',40,32,1,2018-03-26 17:39:08.478877000,pi3
 'gnfuv-temp-exp1-55d487b85b-2bl8b',40,32,1,2018-03-26 17:39:15.119080000,pi3
 'gnfuv-temp-exp1-55d487b85b-2bl8b',40,32,1,2018-03-26 17:39:21.759290000,pi3
 'gnfuv-temp-exp1-55d487b85b-2bl8b',40,32,1,2018-03-26 17:39:28.399322000,pi3
 'gnfuv-temp-exp1-55d487b85b-2bl8b',40,32,1,2018-03-26 17:39:35.039069000,pi3
 'gnfuv-temp-exp1-55d487b85b-2bl8b',39,32,1,2018-03-26 17:39:44.212198000,pi3
 'gnfuv-temp-exp1-55d487b85b-2bl8b',37,32,1,2018-03-26 17:40:17.805069000,pi3
 'gnfuv-temp-exp1-55d487b85b-2bl8b',39,32,1,2018-03-26 17:40:53.918523000,pi3
 'gnfuv-temp-exp1-55d487b85b-2bl8b',40,32,1,2018-03-26 17:41:27.499988000,pi3
 'gnfuv-temp-exp1-55d487b85b-2bl8b',40,32,1,2018-03-26 17:42:01.084981000,pi3
 'gnfuv-temp-exp1-55d487b85b-2bl8b',39,32,1,2018-03-26 17:42:34.669168000,pi3
 'gnfuv-temp-exp1-55d487b85b-2bl8b',40,32,1,2018-03-26 17:42:41.359262000,pi3
 'gnfuv-temp-exp1-55d487b85b-2bl8b',39,32,1,2018-03-26 17:42:50.525892000,pi3
 'gnfuv-temp-exp1-55d487b85b-2bl8b',39,32,1,2018-03-26 17:43:02.258510000,pi3
 'gnfuv-temp-exp1-55d487b85b-2bl8b',39,32,1,2018-03-26 17:43:13.989702000,pi3
 'gnfuv-temp-exp1-55d487b85b-2bl8b',39,32,1,2018-03-26 17:43:18.159605000,pi3
 'gnfuv-temp-exp1-55d487b85b-2bl8b',39,32,1,2018-03-26 17:43:27.326469000,pi3
 'gnfuv-temp-exp1-55d487b85b-2bl8b',39,32,1,2018-03-26 17:43:33.998427000,pi3
 'gnfuv-temp-exp1-55d487b85b-2bl8b',39,32,1,2018-03-26 17:43:43.166172000,pi3
 'gnfuv-temp-exp1-55d487b85b-2bl8b',39,32,1,2018-03-26 17:43:49.839246000,pi3
 'gnfuv-temp-exp1-55d487b85b-2bl8b',39,32,1,2018-03-26 17:43:59.007048000,pi3
 'gnfuv-temp-exp1-55d487b85b-2bl8b',39,32,1,2018-03-26 17:44:05.679969000,pi3
 'gnfuv-temp-exp1-55d487b85b-2bl8b',39,32,1,2018-03-26 17:44:16.226461000,pi3
 'gnfuv-temp-exp1-55d487b85b-2bl8b',39,32,1,2018-03-26 17:44:52.335488000,pi3
 'gnfuv-temp-exp1-55d487b85b-2bl8b',38,32,1,2018-03-26 17:44:58.041590000,pi3
 'gnfuv-temp-exp1-55d487b85b-2bl8b',39,32,1,2018-03-26 17:45:03.061940000,pi3
 'gnfuv-temp-exp1-55d487b85b-2bl8b',39,32,1,2018-03-26 17:45:25.893939000,pi3
 'gnfuv-temp-exp1-55d487b85b-2bl8b',39,32,1,2018-03-26 17:45:30.642180000,pi3
 'gnfuv-temp-exp1-55d487b85b-2bl8b',39,32,1,2018-03-26 17:45:35.402347000,pi3
 'gnfuv-temp-exp1-55d487b85b-2bl8b',39,32,1,2018-03-26 17:45:40.173657000,pi3
 'gnfuv-temp-exp1-55d487b85b-2bl8b',39,33,1,2018-03-26 17:45:57.564843000,pi3
 'gnfuv-temp-exp1-55d487b85b-2bl8b',39,33,1,2018-03-26 17:46:04.943332000,pi3
 'gnfuv-temp-exp1-55d487b85b-2bl8b',39,33,1,2018-03-26 17:46:12.422928000,pi3
 'gnfuv-temp-exp1-55d487b85b-2bl8b',37,32,1,2018-03-26 17:46:23.665934000,pi3
 'gnfuv-temp-exp1-55d487b85b-2bl8b',38,33,1,2018-03-26 17:46:34.128780000,pi3
 'gnfuv-temp-exp1-55d487b85b-2bl8b',37,32,1,2018-03-26 17:46:42.325494000,pi3
 'gnfuv-temp-exp1-55d487b85b-2bl8b',39,33,1,2018-03-26 17:46:47.318539000,pi3
 'gnfuv-temp-exp1-55d487b85b-2bl8b',39,33,1,2018-03-26 17:46:52.089496000,pi3
 'gnfuv-temp-exp1-55d487b85b-2bl8b',38,32,1,2018-03-26 17:46:59.389241000,pi3
 'gnfuv-temp-exp1-55d487b85b-2bl8b',38,33,1,2018-03-26 17:47:11.091160000,pi3
 'gnfuv-temp-exp1-55d487b85b-2bl8b',37,32,1,2018-03-26 17:47:16.320054000,pi3
 'gnfuv-temp-exp1-55d487b85b-2bl8b',39,33,1,2018-03-26 17:47:29.389017000,pi3
 'gnfuv-temp-exp1-55d487b85b-2bl8b',38,33,1,2018-03-26 17:47:36.820021000,pi3
 'gnfuv-temp-exp1-55d487b85b-2bl8b',39,33,1,2018-03-26 17:47:44.660420000,pi3
 'gnfuv-temp-exp1-55d487b85b-2bl8b',39,33,1,2018-03-26 17:47:52.113061000,pi3
 'gnfuv-temp-exp1-55d487b85b-2bl8b',39,33,1,2018-03-26 17:47:56.937063000,pi3
 'gnfuv-temp-exp1-55d487b85b-2bl8b',38,33,1,2018-03-26 17:48:05.399579000,pi3
 'gnfuv-temp-exp1-55d487b85b-2bl8b',38,33,1,2018-03-26 17:48:13.318968000,pi3
 'gnfuv-temp-exp1-55d487b85b-2bl8b',39,33,1,2018-03-26 17:48:23.245857000,pi3
 'gnfuv-temp-exp1-55d487b85b-2bl8b',39,33,1,2018-03-26 17:48:28.033043999,pi3
 'gnfuv-temp-exp1-55d487b85b-2bl8b',39,33,1,2018-03-26 17:48:32.814561000,pi3
 'gnfuv-temp-exp1-55d487b85b-2bl8b',39,33,1,2018-03-26 17:48:37.865061000,pi3
 'gnfuv-temp-exp1-55d487b85b-2bl8b',39,33,1,2018-03-26 17:48:42.643415000,pi3
 'gnfuv-temp-exp1-55d487b85b-2bl8b',39,33,1,2018-03-26 17:48:47.418368000,pi3
 'gnfuv-temp-exp1-55d487b85b-2bl8b',39,33,1,2018-03-26 17:48:52.320198000,pi3
 'gnfuv-temp-exp1-55d487b85b-2bl8b',38,33,1,2018-03-26 17:48:57.393480000,pi3
 'gnfuv-temp-exp1-55d487b85b-2bl8b',38,33,1,2018-03-26 17:49:06.372930000,pi3
 'gnfuv-temp-exp1-55d487b85b-2bl8b',38,33,1,2018-03-26 17:49:11.800895000,pi3
 'gnfuv-temp-exp1-55d487b85b-2bl8b',39,33,1,2018-03-26 17:49:16.848920000,pi3
 'gnfuv-temp-exp1-55d487b85b-2bl8b',37,32,1,2018-03-26 17:49:22.112108000,pi3
 'gnfuv-temp-exp1-55d487b85b-2bl8b',39,33,1,2018-03-26 17:49:34.588472000,pi3
 'gnfuv-temp-exp1-55d487b85b-2bl8b',38,32,1,2018-03-26 17:49:39.464879000,pi3
 'gnfuv-temp-exp1-55d487b85b-2bl8b',39,33,1,2018-03-26 17:49:51.841806000,pi3
 'gnfuv-temp-exp1-55d487b85b-2bl8b',38,33,1,2018-03-26 17:49:56.599524000,pi3
 'gnfuv-temp-exp1-55d487b85b-2bl8b',38,33,1,2018-03-26 17:50:06.436646000,pi3
 'gnfuv-temp-exp1-55d487b85b-2bl8b',38,33,1,2018-03-26 17:50:17.247171000,pi3
 'gnfuv-temp-exp1-55d487b85b-2bl8b',38,33,1,2018-03-26 17:50:44.473530000,pi3
 'gnfuv-temp-exp1-55d487b85b-2bl8b',38,33,1,2018-03-26 17:50:52.772418000,pi3
 'gnfuv-temp-exp1-55d487b85b-2bl8b',37,33,1,2018-03-26 17:50:57.959626000,pi3
 'gnfuv-temp-exp1-55d487b85b-2bl8b',38,33,1,2018-03-26 17:51:05.339034000,pi3
 'gnfuv-temp-exp1-55d487b85b-2bl8b',38,33,1,2018-03-26 17:51:10.202994000,pi3
 'gnfuv-temp-exp1-55d487b85b-2bl8b',38,33,1,2018-03-26 17:51:21.897793000,pi3
 'gnfuv-temp-exp1-55d487b85b-2bl8b',38,33,1,2018-03-26 17:51:31.912754000,pi3
 'gnfuv-temp-exp1-55d487b85b-2bl8b',38,33,1,2018-03-26 17:51:36.753560000,pi3
 'gnfuv-temp-exp1-55d487b85b-2bl8b',38,33,1,2018-03-26 17:51:41.603179000,pi3
 'gnfuv-temp-exp1-55d487b85b-2bl8b',38,33,1,2018-03-26 17:52:04.385029000,pi3
 'gnfuv-temp-exp1-55d487b85b-2bl8b',38,33,1,2018-03-26 17:52:14.347831000,pi3
 'gnfuv-temp-exp1-55d487b85b-2bl8b',38,33,1,2018-03-26 17:52:19.302124000,pi3
 'gnfuv-temp-exp1-55d487b85b-2bl8b',38,33,1,2018-03-26 17:52:24.641675000,pi3
 'gnfuv-temp-exp1-55d487b85b-2bl8b',37,33,1,2018-03-26 17:52:33.647927000,pi3
 'gnfuv-temp-exp1-55d487b85b-2bl8b',37,33,1,2018-03-26 17:52:38.961112000,pi3
 'gnfuv-temp-exp1-55d487b85b-2bl8b',37,33,1,2018-03-26 17:52:45.340614000,pi3
 'gnfuv-temp-exp1-55d487b85b-2bl8b',38,33,1,2018-03-26 17:53:09.606666000,pi3
 'gnfuv-temp-exp1-55d487b85b-2bl8b',38,33,1,2018-03-26 17:53:16.686634000,pi3
 'gnfuv-temp-exp1-55d487b85b-2bl8b',37,33,1,2018-03-26 17:53:23.806823000,pi3
 'gnfuv-temp-exp1-55d487b85b-2bl8b',34,32,1,2018-03-26 17:54:15.417272000,pi3
 'gnfuv-temp-exp1-55d487b85b-2bl8b',37,33,1,2018-03-26 17:54:55.201268000,pi3
 'gnfuv-temp-exp1-55d487b85b-2bl8b',38,33,1,2018-03-26 17:55:08.061205000,pi3
 'gnfuv-temp-exp1-55d487b85b-2bl8b',39,33,1,2018-03-26 17:55:32.284730000,pi3
 'gnfuv-temp-exp1-55d487b85b-2bl8b',39,33,1,2018-03-26 17:55:36.639348000,pi3
 'gnfuv-temp-exp1-55d487b85b-2bl8b',39,33,1,2018-03-26 17:55:45.806677000,pi3
 'gnfuv-temp-exp1-55d487b85b-2bl8b',39,33,1,2018-03-26 17:55:52.287292000,pi3
 'gnfuv-temp-exp1-55d487b85b-2bl8b',39,33,1,2018-03-26 17:55:56.639555000,pi3
 'gnfuv-temp-exp1-55d487b85b-2bl8b',39,33,1,2018-03-26 17:56:03.647385000,pi3
 'gnfuv-temp-exp1-55d487b85b-2bl8b',39,33,1,2018-03-26 17:56:10.286514000,pi3
 'gnfuv-temp-exp1-55d487b85b-2bl8b',39,33,1,2018-03-26 17:56:19.407023000,pi3
 'gnfuv-temp-exp1-55d487b85b-2bl8b',39,33,1,2018-03-26 17:56:26.053012000,pi3
 'gnfuv-temp-exp1-55d487b85b-2bl8b',39,33,1,2018-03-26 17:56:32.526296000,pi3
 'gnfuv-temp-exp1-55d487b85b-2bl8b',39,33,1,2018-03-26 17:56:39.119667000,pi3
 'gnfuv-temp-exp1-55d487b85b-2bl8b',38,32,1,2018-03-26 17:56:45.359342000,pi3
 'gnfuv-temp-exp1-55d487b85b-2bl8b',38,32,1,2018-03-26 17:56:51.599362000,pi3
 'gnfuv-temp-exp1-55d487b85b-2bl8b',38,32,1,2018-03-26 17:57:00.366853000,pi3
 'gnfuv-temp-exp1-55d487b85b-2bl8b',39,32,1,2018-03-26 17:57:07.251235000,pi3
 'gnfuv-temp-exp1-55d487b85b-2bl8b',39,33,1,2018-03-26 17:57:29.438988000,pi3
 'gnfuv-temp-exp1-55d487b85b-2bl8b',39,32,1,2018-03-26 17:57:38.610624000,pi3
 'gnfuv-temp-exp1-55d487b85b-2bl8b',39,32,1,2018-03-26 17:57:45.247548000,pi3
 'gnfuv-temp-exp1-55d487b85b-2bl8b',39,32,1,2018-03-26 17:57:54.046969000,pi3
 'gnfuv-temp-exp1-55d487b85b-2bl8b',39,32,1,2018-03-26 17:58:00.319940000,pi3
 'gnfuv-temp-exp1-55d487b85b-2bl8b',39,32,1,2018-03-26 17:58:06.559716000,pi3
 'gnfuv-temp-exp1-55d487b85b-2bl8b',39,32,1,2018-03-26 17:58:33.017189000,pi3
 'gnfuv-temp-exp1-55d487b85b-2bl8b',40,32,1,2018-03-26 17:58:37.359084000,pi3
 'gnfuv-temp-exp1-55d487b85b-2bl8b',39,32,1,2018-03-26 17:58:46.526216000,pi3
 'gnfuv-temp-exp1-55d487b85b-2bl8b',39,32,1,2018-03-26 17:58:53.209482000,pi3
 'gnfuv-temp-exp1-55d487b85b-2bl8b',39,32,1,2018-03-26 17:58:59.449582000,pi3
 'gnfuv-temp-exp1-55d487b85b-2bl8b',40,32,1,2018-03-26 17:59:11.132992000,pi3
 'gnfuv-temp-exp1-55d487b85b-2bl8b',40,32,1,2018-03-26 17:59:17.759407000,pi3
 'gnfuv-temp-exp1-55d487b85b-2bl8b',40,32,1,2018-03-26 17:59:23.999591000,pi3
 'gnfuv-temp-exp1-55d487b85b-2bl8b',39,32,1,2018-03-26 17:59:30.240306000,pi3
 'gnfuv-temp-exp1-55d487b85b-2bl8b',40,32,1,2018-03-26 17:59:39.007284000,pi3
 'gnfuv-temp-exp1-55d487b85b-2bl8b',40,32,1,2018-03-26 17:59:45.247356000,pi3
 'gnfuv-temp-exp1-55d487b85b-2bl8b',40,32,1,2018-03-26 17:59:58.319662000,pi3
 'gnfuv-temp-exp1-55d487b85b-2bl8b',40,32,1,2018-03-26 18:00:09.615121000,pi3
 'gnfuv-temp-exp1-55d487b85b-2bl8b',40,32,1,2018-03-26 18:00:22.339425000,pi3
 'gnfuv-temp-exp1-55d487b85b-2bl8b',40,32,1,2018-03-26 18:00:34.167181000,pi3
 'gnfuv-temp-exp1-55d487b85b-2bl8b',38,32,1,2018-03-26 18:00:41.678864000,pi3
 'gnfuv-temp-exp1-55d487b85b-2bl8b',40,32,1,2018-03-26 18:00:53.571549000,pi3
 'gnfuv-temp-exp1-55d487b85b-kzbzz',38,31,1,2018-03-26 17:15:25.230988000,pi3
 'gnfuv-temp-exp1-55d487b85b-kzbzz',38,31,1,2018-03-26 17:15:30.259625000,pi3
 'gnfuv-temp-exp1-55d487b85b-kzbzz',38,31,1,2018-03-26 17:15:35.074783000,pi3
 'gnfuv-temp-exp1-55d487b85b-kzbzz',37,31,1,2018-03-26 17:15:51.120743000,pi3
 'gnfuv-temp-exp1-55d487b85b-kzbzz',38,32,1,2018-03-26 17:15:58.417866000,pi3
 'gnfuv-temp-exp1-55d487b85b-kzbzz',38,32,1,2018-03-26 17:16:06.301515000,pi3
 'gnfuv-temp-exp1-55d487b85b-kzbzz',37,32,1,2018-03-26 17:16:11.559500000,pi3
 'gnfuv-temp-exp1-55d487b85b-kzbzz',37,32,1,2018-03-26 17:16:16.317674000,pi3
 'gnfuv-temp-exp1-55d487b85b-kzbzz',37,32,1,2018-03-26 17:16:21.151978000,pi3
 'gnfuv-temp-exp1-55d487b85b-kzbzz',37,32,1,2018-03-26 17:16:28.440763000,pi3
 'gnfuv-temp-exp1-55d487b85b-kzbzz',37,32,1,2018-03-26 17:16:33.256983000,pi3
 'gnfuv-temp-exp1-55d487b85b-kzbzz',37,32,1,2018-03-26 17:16:38.048191000,pi3
 'gnfuv-temp-exp1-55d487b85b-kzbzz',37,32,1,2018-03-26 17:16:45.335373000,pi3
 'gnfuv-temp-exp1-55d487b85b-kzbzz',37,32,1,2018-03-26 17:16:50.099677000,pi3
 'gnfuv-temp-exp1-55d487b85b-kzbzz',37,32,1,2018-03-26 17:17:02.448295000,pi3
 'gnfuv-temp-exp1-55d487b85b-kzbzz',37,32,1,2018-03-26 17:17:07.393808000,pi3
 'gnfuv-temp-exp1-55d487b85b-kzbzz',37,32,1,2018-03-26 17:17:12.259525999,pi3
 'gnfuv-temp-exp1-55d487b85b-kzbzz',37,32,1,2018-03-26 17:17:17.541573000,pi3
 'gnfuv-temp-exp1-55d487b85b-kzbzz',37,32,1,2018-03-26 17:17:27.907069000,pi3
 'gnfuv-temp-exp1-55d487b85b-kzbzz',37,32,1,2018-03-26 17:17:38.343822000,pi3
 'gnfuv-temp-exp1-55d487b85b-kzbzz',37,32,1,2018-03-26 17:17:45.819470000,pi3
 'gnfuv-temp-exp1-55d487b85b-kzbzz',37,32,1,2018-03-26 17:17:53.122882000,pi3
 'gnfuv-temp-exp1-55d487b85b-kzbzz',37,32,1,2018-03-26 17:18:00.466538000,pi3
 'gnfuv-temp-exp1-55d487b85b-kzbzz',37,31,1,2018-03-26 17:18:06.396961000,pi3
 'gnfuv-temp-exp1-55d487b85b-kzbzz',36,32,1,2018-03-26 17:18:11.230387000,pi3
 'gnfuv-temp-exp1-55d487b85b-kzbzz',37,32,1,2018-03-26 17:18:17.371686000,pi3
 'gnfuv-temp-exp1-55d487b85b-kzbzz',37,32,1,2018-03-26 17:18:23.750286000,pi3
 'gnfuv-temp-exp1-55d487b85b-kzbzz',37,32,1,2018-03-26 17:18:29.048695000,pi3
 'gnfuv-temp-exp1-55d487b85b-kzbzz',37,32,1,2018-03-26 17:18:33.823095000,pi3
 'gnfuv-temp-exp1-55d487b85b-kzbzz',37,32,1,2018-03-26 17:18:39.370676000,pi3
 'gnfuv-temp-exp1-55d487b85b-kzbzz',36,32,1,2018-03-26 17:18:51.643330000,pi3
 'gnfuv-temp-exp1-55d487b85b-kzbzz',37,32,1,2018-03-26 17:18:56.667077000,pi3
 'gnfuv-temp-exp1-55d487b85b-kzbzz',37,32,1,2018-03-26 17:19:04.018735000,pi3
 'gnfuv-temp-exp1-55d487b85b-kzbzz',37,32,1,2018-03-26 17:19:09.523410000,pi3
 'gnfuv-temp-exp1-55d487b85b-kzbzz',37,32,1,2018-03-26 17:19:14.343301000,pi3
 'gnfuv-temp-exp1-55d487b85b-kzbzz',37,32,1,2018-03-26 17:19:19.180370000,pi3
 'gnfuv-temp-exp1-55d487b85b-kzbzz',37,32,1,2018-03-26 17:19:24.595415000,pi3
 'gnfuv-temp-exp1-55d487b85b-kzbzz',37,32,1,2018-03-26 17:19:29.903852000,pi3
 'gnfuv-temp-exp1-55d487b85b-kzbzz',37,32,1,2018-03-26 17:19:37.312706000,pi3
 'gnfuv-temp-exp1-55d487b85b-kzbzz',37,32,1,2018-03-26 17:19:42.327413000,pi3
 'gnfuv-temp-exp1-55d487b85b-kzbzz',37,32,1,2018-03-26 17:19:49.037287000,pi3
 'gnfuv-temp-exp1-55d487b85b-kzbzz',37,32,1,2018-03-26 17:19:58.096121000,pi3
 'gnfuv-temp-exp1-55d487b85b-kzbzz',37,32,1,2018-03-26 17:20:47.353135000,pi3
 'gnfuv-temp-exp1-55d487b85b-kzbzz',38,32,1,2018-03-26 17:20:56.819100000,pi3
 'gnfuv-temp-exp1-55d487b85b-kzbzz',38,32,1,2018-03-26 17:21:01.583463000,pi3
 'gnfuv-temp-exp1-55d487b85b-kzbzz',38,32,1,2018-03-26 17:21:09.343118000,pi3
 'gnfuv-temp-exp1-55d487b85b-kzbzz',37,32,1,2018-03-26 17:21:15.699194000,pi3
 'gnfuv-temp-exp1-55d487b85b-kzbzz',38,32,1,2018-03-26 17:21:24.507816999,pi3
 'gnfuv-temp-exp1-55d487b85b-kzbzz',38,32,1,2018-03-26 17:21:29.541542000,pi3
 'gnfuv-temp-exp1-55d487b85b-kzbzz',37,32,1,2018-03-26 17:21:37.099271000,pi3
 'gnfuv-temp-exp1-55d487b85b-kzbzz',38,32,1,2018-03-26 17:21:52.886801000,pi3
 'gnfuv-temp-exp1-55d487b85b-kzbzz',38,32,1,2018-03-26 17:22:02.839440000,pi3
 'gnfuv-temp-exp1-55d487b85b-kzbzz',37,32,1,2018-03-26 17:22:21.023278000,pi3
 'gnfuv-temp-exp1-55d487b85b-kzbzz',38,32,1,2018-03-26 17:22:28.841933000,pi3
 'gnfuv-temp-exp1-55d487b85b-kzbzz',38,32,1,2018-03-26 17:22:34.593377000,pi3
 'gnfuv-temp-exp1-55d487b85b-kzbzz',38,32,1,2018-03-26 17:22:41.929146000,pi3
 'gnfuv-temp-exp1-55d487b85b-kzbzz',39,32,1,2018-03-26 17:22:46.697706000,pi3
 'gnfuv-temp-exp1-55d487b85b-kzbzz',39,32,1,2018-03-26 17:22:51.455694000,pi3
 'gnfuv-temp-exp1-55d487b85b-kzbzz',39,32,1,2018-03-26 17:23:01.298558000,pi3
 'gnfuv-temp-exp1-55d487b85b-kzbzz',38,32,1,2018-03-26 17:23:08.594303000,pi3
 'gnfuv-temp-exp1-55d487b85b-kzbzz',38,32,1,2018-03-26 17:23:13.380740000,pi3
 'gnfuv-temp-exp1-55d487b85b-kzbzz',38,31,1,2018-03-26 17:23:28.287623000,pi3
 'gnfuv-temp-exp1-55d487b85b-kzbzz',38,32,1,2018-03-26 17:23:38.157344000,pi3
 'gnfuv-temp-exp1-55d487b85b-kzbzz',38,32,1,2018-03-26 17:23:46.892982000,pi3
 'gnfuv-temp-exp1-55d487b85b-kzbzz',38,31,1,2018-03-26 17:23:54.004123000,pi3
 'gnfuv-temp-exp1-55d487b85b-kzbzz',38,31,1,2018-03-26 17:24:14.552525000,pi3
 'gnfuv-temp-exp1-55d487b85b-kzbzz',38,32,1,2018-03-26 17:24:22.239180000,pi3
 'gnfuv-temp-exp1-55d487b85b-kzbzz',38,32,1,2018-03-26 17:24:31.820415000,pi3
 'gnfuv-temp-exp1-55d487b85b-kzbzz',39,31,1,2018-03-26 17:24:39.323191000,pi3
 'gnfuv-temp-exp1-55d487b85b-kzbzz',39,31,1,2018-03-26 17:24:49.633528000,pi3
 'gnfuv-temp-exp1-55d487b85b-kzbzz',40,31,1,2018-03-26 17:24:59.057206000,pi3
 'gnfuv-temp-exp1-55d487b85b-kzbzz',39,31,1,2018-03-26 17:25:09.107376000,pi3
 'gnfuv-temp-exp1-55d487b85b-kzbzz',39,31,1,2018-03-26 17:25:14.900097000,pi3
 'gnfuv-temp-exp1-55d487b85b-kzbzz',39,31,1,2018-03-26 17:25:22.235728000,pi3
 'gnfuv-temp-exp1-55d487b85b-kzbzz',39,31,1,2018-03-26 17:25:37.365969000,pi3
 'gnfuv-temp-exp1-55d487b85b-kzbzz',40,31,1,2018-03-26 17:26:27.073164000,pi3
 'gnfuv-temp-exp1-55d487b85b-kzbzz',40,31,1,2018-03-26 17:26:35.496542000,pi3
 'gnfuv-temp-exp1-55d487b85b-kzbzz',40,31,1,2018-03-26 17:27:09.093413000,pi3
 'gnfuv-temp-exp1-55d487b85b-kzbzz',38,31,1,2018-03-26 17:27:21.126133000,pi3
 'gnfuv-temp-exp1-55d487b85b-kzbzz',41,31,1,2018-03-26 17:28:09.372566000,pi3
 'gnfuv-temp-exp1-55d487b85b-kzbzz',41,31,1,2018-03-26 17:28:18.527258000,pi3
 'gnfuv-temp-exp1-55d487b85b-kzbzz',41,31,1,2018-03-26 17:28:24.766599000,pi3
 'gnfuv-temp-exp1-55d487b85b-kzbzz',41,31,1,2018-03-26 17:28:28.318883000,pi3
 'gnfuv-temp-exp1-55d487b85b-kzbzz',41,31,1,2018-03-26 17:28:34.959684000,pi3
 'gnfuv-temp-exp1-55d487b85b-kzbzz',41,31,1,2018-03-26 17:28:41.599656000,pi3
 'gnfuv-temp-exp1-55d487b85b-kzbzz',41,31,1,2018-03-26 17:28:48.239526000,pi3
 'gnfuv-temp-exp1-55d487b85b-kzbzz',40,31,1,2018-03-26 17:28:57.407062000,pi3
 'gnfuv-temp-exp1-55d487b85b-kzbzz',41,31,1,2018-03-26 17:29:09.139829000,pi3
 'gnfuv-temp-exp1-55d487b85b-kzbzz',40,31,1,2018-03-26 17:29:18.167504000,pi3
 'gnfuv-temp-exp1-55d487b85b-kzbzz',41,31,1,2018-03-26 17:29:40.317216000,pi3
 'gnfuv-temp-exp1-55d487b85b-kzbzz',41,31,1,2018-03-26 17:29:46.959436000,pi3
 'gnfuv-temp-exp1-55d487b85b-kzbzz',41,31,1,2018-03-26 17:29:53.199290000,pi3
 'gnfuv-temp-exp1-55d487b85b-kzbzz',41,31,1,2018-03-26 17:29:59.438464000,pi3
 'gnfuv-temp-exp1-55d487b85b-kzbzz',41,31,1,2018-03-26 17:30:08.207083000,pi3
 'gnfuv-temp-exp1-55d487b85b-kzbzz',41,31,1,2018-03-26 17:30:16.127050000,pi3
 'gnfuv-temp-exp1-55d487b85b-kzbzz',41,31,1,2018-03-26 17:30:23.807203000,pi3
 'gnfuv-temp-exp1-55d487b85b-kzbzz',41,31,1,2018-03-26 17:30:35.538580000,pi3
 'gnfuv-temp-exp1-55d487b85b-kzbzz',40,31,1,2018-03-26 17:30:42.207242000,pi3
 'gnfuv-temp-exp1-55d487b85b-kzbzz',40,31,1,2018-03-26 17:30:51.409699000,pi3
 'gnfuv-temp-exp1-55d487b85b-kzbzz',41,31,1,2018-03-26 17:30:55.516556000,pi3
 'gnfuv-temp-exp1-55d487b85b-kzbzz',41,31,1,2018-03-26 17:31:02.159567000,pi3
 'gnfuv-temp-exp1-55d487b85b-kzbzz',40,31,1,2018-03-26 17:31:43.332753000,pi3
 'gnfuv-temp-exp1-55d487b85b-kzbzz',39,31,1,2018-03-26 17:31:51.633393000,pi3
 'gnfuv-temp-exp1-55d487b85b-kzbzz',41,31,1,2018-03-26 17:32:27.053938000,pi3
 'gnfuv-temp-exp1-55d487b85b-kzbzz',41,31,1,2018-03-26 17:32:31.839191000,pi3
 'gnfuv-temp-exp1-55d487b85b-kzbzz',41,31,1,2018-03-26 17:32:36.399606000,pi3
 'gnfuv-temp-exp1-55d487b85b-kzbzz',41,31,1,2018-03-26 17:32:43.039364000,pi3
 'gnfuv-temp-exp1-55d487b85b-kzbzz',40,31,1,2018-03-26 17:33:02.319590000,pi3
 'gnfuv-temp-exp1-55d487b85b-kzbzz',40,31,1,2018-03-26 17:33:10.716266000,pi3
 'gnfuv-temp-exp1-55d487b85b-kzbzz',40,31,1,2018-03-26 17:33:22.875141000,pi3
 'gnfuv-temp-exp1-55d487b85b-kzbzz',41,31,1,2018-03-26 17:33:28.370167000,pi3
 'gnfuv-temp-exp1-55d487b85b-kzbzz',40,28,1,2018-03-26 17:33:46.377519000,pi3
 'gnfuv-temp-exp1-55d487b85b-kzbzz',40,31,1,2018-03-26 17:33:55.310907000,pi3
 'gnfuv-temp-exp1-55d487b85b-kzbzz',40,31,1,2018-03-26 17:34:09.427472000,pi3
 'gnfuv-temp-exp1-55d487b85b-kzbzz',40,31,1,2018-03-26 17:34:17.263193000,pi3
 'gnfuv-temp-exp1-55d487b85b-kzbzz',40,31,1,2018-03-26 17:34:24.566413000,pi3
 'gnfuv-temp-exp1-55d487b85b-kzbzz',41,31,1,2018-03-26 17:34:29.804042000,pi3
 'gnfuv-temp-exp1-55d487b85b-kzbzz',40,31,1,2018-03-26 17:35:08.443256000,pi3
 'gnfuv-temp-exp1-55d487b85b-kzbzz',40,31,1,2018-03-26 17:35:42.026931000,pi3
 'gnfuv-temp-exp1-55d487b85b-kzbzz',40,31,1,2018-03-26 17:36:15.610976000,pi3
 'gnfuv-temp-exp1-55d487b85b-kzbzz',39,32,1,2018-03-26 17:36:51.722989000,pi3
 'gnfuv-temp-exp1-55d487b85b-kzbzz',40,31,1,2018-03-26 17:37:25.310071000,pi3
 'gnfuv-temp-exp1-55d487b85b-kzbzz',39,31,1,2018-03-26 17:37:58.900504000,pi3
 'gnfuv-temp-exp1-55d487b85b-kzbzz',39,32,1,2018-03-26 17:38:32.483116000,pi3
 'gnfuv-temp-exp1-55d487b85b-kzbzz',40,32,1,2018-03-26 17:38:55.199170000,pi3
 'gnfuv-temp-exp1-55d487b85b-kzbzz',40,32,1,2018-03-26 17:39:01.838979000,pi3
 'gnfuv-temp-exp1-55d487b85b-kzbzz',40,32,1,2018-03-26 17:39:11.006393000,pi3
 'gnfuv-temp-exp1-55d487b85b-kzbzz',40,32,1,2018-03-26 17:39:15.119080000,pi3
 'gnfuv-temp-exp1-55d487b85b-kzbzz',40,32,1,2018-03-26 17:39:21.759230000,pi3
 'gnfuv-temp-exp1-55d487b85b-kzbzz',40,32,1,2018-03-26 17:39:28.399322000,pi3
 'gnfuv-temp-exp1-55d487b85b-kzbzz',40,32,1,2018-03-26 17:39:35.039008000,pi3
 'gnfuv-temp-exp1-55d487b85b-kzbzz',39,32,1,2018-03-26 17:39:41.679469000,pi3
 'gnfuv-temp-exp1-55d487b85b-kzbzz',39,32,1,2018-03-26 17:39:48.320374000,pi3
 'gnfuv-temp-exp1-55d487b85b-kzbzz',39,32,1,2018-03-26 17:40:21.903348000,pi3
 'gnfuv-temp-exp1-55d487b85b-kzbzz',39,32,1,2018-03-26 17:40:55.486601000,pi3
 'gnfuv-temp-exp1-55d487b85b-kzbzz',39,32,1,2018-03-26 17:41:29.070126000,pi3
 'gnfuv-temp-exp1-55d487b85b-kzbzz',39,32,1,2018-03-26 17:42:02.656042000,pi3
 'gnfuv-temp-exp1-55d487b85b-kzbzz',39,32,1,2018-03-26 17:42:36.235795000,pi3
 'gnfuv-temp-exp1-55d487b85b-kzbzz',40,32,1,2018-03-26 17:42:41.359262000,pi3
 'gnfuv-temp-exp1-55d487b85b-kzbzz',39,32,1,2018-03-26 17:42:53.059504000,pi3
 'gnfuv-temp-exp1-55d487b85b-kzbzz',39,32,1,2018-03-26 17:42:59.726189000,pi3
 'gnfuv-temp-exp1-55d487b85b-kzbzz',39,32,1,2018-03-26 17:43:11.458522000,pi3
 'gnfuv-temp-exp1-55d487b85b-kzbzz',39,32,1,2018-03-26 17:43:18.159590000,pi3
 'gnfuv-temp-exp1-55d487b85b-kzbzz',39,32,1,2018-03-26 17:43:29.858819000,pi3
 'gnfuv-temp-exp1-55d487b85b-kzbzz',39,32,1,2018-03-26 17:43:36.526358000,pi3
 'gnfuv-temp-exp1-55d487b85b-kzbzz',39,32,1,2018-03-26 17:43:43.166171000,pi3
 'gnfuv-temp-exp1-55d487b85b-kzbzz',39,32,1,2018-03-26 17:43:49.839225000,pi3
 'gnfuv-temp-exp1-55d487b85b-kzbzz',39,32,1,2018-03-26 17:43:59.007047000,pi3
 'gnfuv-temp-exp1-55d487b85b-kzbzz',39,32,1,2018-03-26 17:44:05.680038000,pi3
 'gnfuv-temp-exp1-55d487b85b-kzbzz',39,32,1,2018-03-26 17:44:13.611095000,pi3
 'gnfuv-temp-exp1-55d487b85b-kzbzz',39,32,1,2018-03-26 17:44:47.195029000,pi3
 'gnfuv-temp-exp1-55d487b85b-kzbzz',39,32,1,2018-03-26 17:44:53.747200000,pi3
 'gnfuv-temp-exp1-55d487b85b-kzbzz',38,32,1,2018-03-26 17:44:59.320341000,pi3
 'gnfuv-temp-exp1-55d487b85b-kzbzz',38,32,1,2018-03-26 17:45:05.126550000,pi3
 'gnfuv-temp-exp1-55d487b85b-kzbzz',37,32,1,2018-03-26 17:45:18.144243000,pi3
 'gnfuv-temp-exp1-55d487b85b-kzbzz',38,32,1,2018-03-26 17:45:22.937370000,pi3
 'gnfuv-temp-exp1-55d487b85b-kzbzz',39,32,1,2018-03-26 17:45:27.724860000,pi3
 'gnfuv-temp-exp1-55d487b85b-kzbzz',38,32,1,2018-03-26 17:45:32.498647000,pi3
 'gnfuv-temp-exp1-55d487b85b-kzbzz',38,32,1,2018-03-26 17:45:37.263617000,pi3
 'gnfuv-temp-exp1-55d487b85b-kzbzz',38,32,1,2018-03-26 17:45:42.026890000,pi3
 'gnfuv-temp-exp1-55d487b85b-kzbzz',39,32,1,2018-03-26 17:45:49.310050000,pi3
 'gnfuv-temp-exp1-55d487b85b-kzbzz',38,32,1,2018-03-26 17:45:54.071860000,pi3
 'gnfuv-temp-exp1-55d487b85b-kzbzz',40,33,1,2018-03-26 17:46:01.392987000,pi3
 'gnfuv-temp-exp1-55d487b85b-kzbzz',39,33,1,2018-03-26 17:46:07.261899000,pi3
 'gnfuv-temp-exp1-55d487b85b-kzbzz',39,33,1,2018-03-26 17:46:20.170677000,pi3
 'gnfuv-temp-exp1-55d487b85b-kzbzz',39,33,1,2018-03-26 17:46:31.155179000,pi3
 'gnfuv-temp-exp1-55d487b85b-kzbzz',38,33,1,2018-03-26 17:46:36.593424000,pi3
 'gnfuv-temp-exp1-55d487b85b-kzbzz',39,33,1,2018-03-26 17:47:02.622978000,pi3
 'gnfuv-temp-exp1-55d487b85b-kzbzz',39,33,1,2018-03-26 17:47:13.654087000,pi3
 'gnfuv-temp-exp1-55d487b85b-kzbzz',39,33,1,2018-03-26 17:47:26.473004000,pi3
 'gnfuv-temp-exp1-55d487b85b-kzbzz',39,33,1,2018-03-26 17:47:41.966178000,pi3
 'gnfuv-temp-exp1-55d487b85b-kzbzz',39,33,1,2018-03-26 17:47:47.183017000,pi3
 'gnfuv-temp-exp1-55d487b85b-kzbzz',38,33,1,2018-03-26 17:47:54.857072000,pi3
 'gnfuv-temp-exp1-55d487b85b-kzbzz',39,33,1,2018-03-26 17:47:59.893305000,pi3
 'gnfuv-temp-exp1-55d487b85b-kzbzz',39,33,1,2018-03-26 17:48:08.289920000,pi3
 'gnfuv-temp-exp1-55d487b85b-kzbzz',39,33,1,2018-03-26 17:48:15.996434000,pi3
 'gnfuv-temp-exp1-55d487b85b-kzbzz',39,33,1,2018-03-26 17:48:25.849527000,pi3
 'gnfuv-temp-exp1-55d487b85b-kzbzz',39,33,1,2018-03-26 17:48:40.745227000,pi3
 'gnfuv-temp-exp1-55d487b85b-kzbzz',39,33,1,2018-03-26 17:48:45.513664000,pi3
 'gnfuv-temp-exp1-55d487b85b-kzbzz',39,33,1,2018-03-26 17:48:55.470018000,pi3
 'gnfuv-temp-exp1-55d487b85b-kzbzz',38,33,1,2018-03-26 17:49:03.618394000,pi3
 'gnfuv-temp-exp1-55d487b85b-kzbzz',37,33,1,2018-03-26 17:49:09.243395000,pi3
 'gnfuv-temp-exp1-55d487b85b-kzbzz',38,33,1,2018-03-26 17:49:15.400147000,pi3
 'gnfuv-temp-exp1-55d487b85b-kzbzz',38,33,1,2018-03-26 17:49:20.722090000,pi3
 'gnfuv-temp-exp1-55d487b85b-kzbzz',38,32,1,2018-03-26 17:49:26.059052000,pi3
 'gnfuv-temp-exp1-55d487b85b-kzbzz',39,33,1,2018-03-26 17:49:33.410927000,pi3
 'gnfuv-temp-exp1-55d487b85b-kzbzz',39,33,1,2018-03-26 17:49:40.841192000,pi3
 'gnfuv-temp-exp1-55d487b85b-kzbzz',38,33,1,2018-03-26 17:49:45.596882000,pi3
 'gnfuv-temp-exp1-55d487b85b-kzbzz',38,33,1,2018-03-26 17:49:55.415915000,pi3
 'gnfuv-temp-exp1-55d487b85b-kzbzz',39,33,1,2018-03-26 17:50:00.189470000,pi3
 'gnfuv-temp-exp1-55d487b85b-kzbzz',38,33,1,2018-03-26 17:50:12.538735000,pi3
 'gnfuv-temp-exp1-55d487b85b-kzbzz',36,33,1,2018-03-26 17:50:23.577135000,pi3
 'gnfuv-temp-exp1-55d487b85b-kzbzz',37,33,1,2018-03-26 17:50:35.957252000,pi3
 'gnfuv-temp-exp1-55d487b85b-kzbzz',37,33,1,2018-03-26 17:50:47.380877000,pi3
 'gnfuv-temp-exp1-55d487b85b-kzbzz',38,33,1,2018-03-26 17:50:55.882823000,pi3
 'gnfuv-temp-exp1-55d487b85b-kzbzz',38,33,1,2018-03-26 17:51:00.700130000,pi3
 'gnfuv-temp-exp1-55d487b85b-kzbzz',38,33,1,2018-03-26 17:51:08.240139000,pi3
 'gnfuv-temp-exp1-55d487b85b-kzbzz',38,33,1,2018-03-26 17:51:19.122394000,pi3
 'gnfuv-temp-exp1-55d487b85b-kzbzz',38,33,1,2018-03-26 17:51:28.969108000,pi3
 'gnfuv-temp-exp1-55d487b85b-kzbzz',38,33,1,2018-03-26 17:51:33.913423000,pi3
 'gnfuv-temp-exp1-55d487b85b-kzbzz',38,33,1,2018-03-26 17:51:38.829060000,pi3
 'gnfuv-temp-exp1-55d487b85b-kzbzz',38,33,1,2018-03-26 17:51:43.651504000,pi3
 'gnfuv-temp-exp1-55d487b85b-kzbzz',38,33,1,2018-03-26 17:51:48.513437999,pi3
 'gnfuv-temp-exp1-55d487b85b-kzbzz',38,33,1,2018-03-26 17:51:53.323441000,pi3
 'gnfuv-temp-exp1-55d487b85b-kzbzz',38,33,1,2018-03-26 17:51:58.211836000,pi3
 'gnfuv-temp-exp1-55d487b85b-kzbzz',38,33,1,2018-03-26 17:52:03.129159000,pi3
 'gnfuv-temp-exp1-55d487b85b-kzbzz',38,33,1,2018-03-26 17:52:08.039497000,pi3
 'gnfuv-temp-exp1-55d487b85b-kzbzz',38,33,1,2018-03-26 17:52:17.972793000,pi3
 'gnfuv-temp-exp1-55d487b85b-kzbzz',38,33,1,2018-03-26 17:52:22.859589000,pi3
 'gnfuv-temp-exp1-55d487b85b-kzbzz',38,33,1,2018-03-26 17:52:29.251529999,pi3
 'gnfuv-temp-exp1-55d487b85b-kzbzz',37,33,1,2018-03-26 17:52:35.673403000,pi3
 'gnfuv-temp-exp1-55d487b85b-kzbzz',37,33,1,2018-03-26 17:52:41.264359999,pi3
 'gnfuv-temp-exp1-55d487b85b-kzbzz',37,33,1,2018-03-26 17:52:50.327880000,pi3
 'gnfuv-temp-exp1-55d487b85b-kzbzz',38,33,1,2018-03-26 17:52:59.489672000,pi3
 'gnfuv-temp-exp1-55d487b85b-kzbzz',38,33,1,2018-03-26 17:53:06.319951000,pi3
 'gnfuv-temp-exp1-55d487b85b-kzbzz',39,33,1,2018-03-26 17:53:13.404952000,pi3
 'gnfuv-temp-exp1-55d487b85b-kzbzz',38,33,1,2018-03-26 17:53:20.535436000,pi3
 'gnfuv-temp-exp1-55d487b85b-kzbzz',35,33,1,2018-03-26 17:54:05.448694000,pi3
 'gnfuv-temp-exp1-55d487b85b-kzbzz',36,33,1,2018-03-26 17:54:12.290348000,pi3
 'gnfuv-temp-exp1-55d487b85b-kzbzz',35,33,1,2018-03-26 17:54:39.111331000,pi3
 'gnfuv-temp-exp1-55d487b85b-kzbzz',38,33,1,2018-03-26 17:54:44.203433000,pi3
 'gnfuv-temp-exp1-55d487b85b-kzbzz',38,33,1,2018-03-26 17:54:49.286943000,pi3
 'gnfuv-temp-exp1-55d487b85b-kzbzz',39,33,1,2018-03-26 17:55:34.993427000,pi3
 'gnfuv-temp-exp1-55d487b85b-kzbzz',39,33,1,2018-03-26 17:55:42.292156000,pi3
 'gnfuv-temp-exp1-55d487b85b-kzbzz',39,33,1,2018-03-26 17:55:48.927428000,pi3
 'gnfuv-temp-exp1-55d487b85b-kzbzz',40,33,1,2018-03-26 17:55:57.934499000,pi3
 'gnfuv-temp-exp1-55d487b85b-kzbzz',39,33,1,2018-03-26 17:56:07.166578000,pi3
 'gnfuv-temp-exp1-55d487b85b-kzbzz',38,32,1,2018-03-26 17:56:16.287266000,pi3
 'gnfuv-temp-exp1-55d487b85b-kzbzz',39,33,1,2018-03-26 17:56:22.529385000,pi3
 'gnfuv-temp-exp1-55d487b85b-kzbzz',39,33,1,2018-03-26 17:56:29.407199000,pi3
 'gnfuv-temp-exp1-55d487b85b-kzbzz',38,32,1,2018-03-26 17:56:35.999465000,pi3
 'gnfuv-temp-exp1-55d487b85b-kzbzz',39,33,1,2018-03-26 17:56:42.239700000,pi3
 'gnfuv-temp-exp1-55d487b85b-kzbzz',38,32,1,2018-03-26 17:56:48.479397000,pi3
 'gnfuv-temp-exp1-55d487b85b-kzbzz',39,33,1,2018-03-26 17:56:57.246524000,pi3
 'gnfuv-temp-exp1-55d487b85b-kzbzz',39,33,1,2018-03-26 17:57:08.545935000,pi3
 'gnfuv-temp-exp1-55d487b85b-kzbzz',39,32,1,2018-03-26 17:57:49.246882000,pi3
 'gnfuv-temp-exp1-55d487b85b-kzbzz',39,32,1,2018-03-26 17:57:57.166771000,pi3
 'gnfuv-temp-exp1-55d487b85b-kzbzz',39,32,1,2018-03-26 17:58:03.441826000,pi3
 'gnfuv-temp-exp1-55d487b85b-kzbzz',39,32,1,2018-03-26 17:58:17.265445000,pi3
 'gnfuv-temp-exp1-55d487b85b-kzbzz',39,32,1,2018-03-26 17:58:27.868859000,pi3
 'gnfuv-temp-exp1-55d487b85b-kzbzz',39,32,1,2018-03-26 17:58:34.239381000,pi3
 'gnfuv-temp-exp1-55d487b85b-kzbzz',39,32,1,2018-03-26 17:58:43.407170000,pi3
 'gnfuv-temp-exp1-55d487b85b-kzbzz',39,32,1,2018-03-26 17:58:49.646481000,pi3
 'gnfuv-temp-exp1-55d487b85b-kzbzz',39,32,1,2018-03-26 17:58:53.209470000,pi3
 'gnfuv-temp-exp1-55d487b85b-kzbzz',39,32,1,2018-03-26 17:58:59.449569000,pi3
 'gnfuv-temp-exp1-55d487b85b-kzbzz',40,32,1,2018-03-26 17:59:11.132993000,pi3
 'gnfuv-temp-exp1-55d487b85b-kzbzz',40,32,1,2018-03-26 17:59:17.759361000,pi3
 'gnfuv-temp-exp1-55d487b85b-kzbzz',40,32,1,2018-03-26 17:59:23.999543000,pi3
 'gnfuv-temp-exp1-55d487b85b-kzbzz',39,32,1,2018-03-26 17:59:30.240015000,pi3
 'gnfuv-temp-exp1-55d487b85b-kzbzz',40,32,1,2018-03-26 17:59:39.007285000,pi3
 'gnfuv-temp-exp1-55d487b85b-kzbzz',40,32,1,2018-03-26 17:59:45.247357000,pi3
 'gnfuv-temp-exp1-55d487b85b-kzbzz',40,32,1,2018-03-26 17:59:58.319662000,pi3
 'gnfuv-temp-exp1-55d487b85b-kzbzz',40,32,1,2018-03-26 18:00:07.087472000,pi3
 'gnfuv-temp-exp1-55d487b85b-kzbzz',40,32,1,2018-03-26 18:00:11.889338000,pi3
 'gnfuv-temp-exp1-55d487b85b-kzbzz',40,32,1,2018-03-26 18:00:24.667060000,pi3
 'gnfuv-temp-exp1-55d487b85b-kzbzz',40,32,1,2018-03-26 18:00:39.680648000,pi3
 'gnfuv-temp-exp1-55d487b85b-kzbzz',39,32,1,2018-03-26 18:00:49.924898000,pi3
 'gnfuv-temp-exp1-55d487b85b-llfdt',59,19,1,2018-03-26 16:20:33.250205999,pi3
 'gnfuv-temp-exp1-55d487b85b-llfdt',58,19,1,2018-03-26 16:20:38.042924000,pi3
 'gnfuv-temp-exp1-55d487b85b-llfdt',59,19,1,2018-03-26 16:20:47.866135000,pi3
 'gnfuv-temp-exp1-55d487b85b-llfdt',59,19,1,2018-03-26 16:20:57.675795000,pi3
 'gnfuv-temp-exp1-55d487b85b-llfdt',58,20,1,2018-03-26 16:21:20.136179000,pi3
 'gnfuv-temp-exp1-55d487b85b-llfdt',58,20,1,2018-03-26 16:21:27.422614000,pi3
 'gnfuv-temp-exp1-55d487b85b-llfdt',58,20,1,2018-03-26 16:21:34.705287000,pi3
 'gnfuv-temp-exp1-55d487b85b-llfdt',58,20,1,2018-03-26 16:21:39.468673000,pi3
 'gnfuv-temp-exp1-55d487b85b-llfdt',58,20,1,2018-03-26 16:21:46.756144000,pi3
 'gnfuv-temp-exp1-55d487b85b-llfdt',57,20,1,2018-03-26 16:21:51.516059000,pi3
 'gnfuv-temp-exp1-55d487b85b-llfdt',57,20,1,2018-03-26 16:22:03.850762000,pi3
 'gnfuv-temp-exp1-55d487b85b-llfdt',57,20,1,2018-03-26 16:22:11.746869000,pi3
 'gnfuv-temp-exp1-55d487b85b-llfdt',57,20,1,2018-03-26 16:22:16.502553999,pi3
 'gnfuv-temp-exp1-55d487b85b-llfdt',57,20,1,2018-03-26 16:22:21.253562000,pi3
 'gnfuv-temp-exp1-55d487b85b-llfdt',57,20,1,2018-03-26 16:22:26.019973000,pi3
 'gnfuv-temp-exp1-55d487b85b-llfdt',57,20,1,2018-03-26 16:22:35.823791000,pi3
 'gnfuv-temp-exp1-55d487b85b-llfdt',57,20,1,2018-03-26 16:22:40.572103000,pi3
 'gnfuv-temp-exp1-55d487b85b-llfdt',56,20,1,2018-03-26 16:22:45.418391000,pi3
 'gnfuv-temp-exp1-55d487b85b-llfdt',56,20,1,2018-03-26 16:22:50.164364000,pi3
 'gnfuv-temp-exp1-55d487b85b-llfdt',56,20,1,2018-03-26 16:22:54.913886000,pi3
 'gnfuv-temp-exp1-55d487b85b-llfdt',56,20,1,2018-03-26 16:23:02.204388000,pi3
 'gnfuv-temp-exp1-55d487b85b-llfdt',56,20,1,2018-03-26 16:23:09.471180000,pi3
 'gnfuv-temp-exp1-55d487b85b-llfdt',56,20,1,2018-03-26 16:23:16.775774000,pi3
 'gnfuv-temp-exp1-55d487b85b-llfdt',56,20,1,2018-03-26 16:23:21.540338000,pi3
 'gnfuv-temp-exp1-55d487b85b-llfdt',56,20,1,2018-03-26 16:23:26.277143000,pi3
 'gnfuv-temp-exp1-55d487b85b-llfdt',56,20,1,2018-03-26 16:23:33.551757000,pi3
 'gnfuv-temp-exp1-55d487b85b-llfdt',56,20,1,2018-03-26 16:23:40.845694000,pi3
 'gnfuv-temp-exp1-55d487b85b-llfdt',56,20,1,2018-03-26 16:23:45.578771000,pi3
 'gnfuv-temp-exp1-55d487b85b-llfdt',56,20,1,2018-03-26 16:23:50.329362000,pi3
 'gnfuv-temp-exp1-55d487b85b-llfdt',55,20,1,2018-03-26 16:23:55.082785000,pi3
 'gnfuv-temp-exp1-55d487b85b-llfdt',56,21,1,2018-03-26 16:23:59.841240000,pi3
 'gnfuv-temp-exp1-55d487b85b-llfdt',56,21,1,2018-03-26 16:24:17.233454000,pi3
 'gnfuv-temp-exp1-55d487b85b-llfdt',56,21,1,2018-03-26 16:24:34.619517000,pi3
 'gnfuv-temp-exp1-55d487b85b-lvr8n',59,19,1,2018-03-26 16:20:33.250210000,pi3
 'gnfuv-temp-exp1-55d487b85b-lvr8n',59,19,1,2018-03-26 16:20:40.575109000,pi3
 'gnfuv-temp-exp1-55d487b85b-lvr8n',59,19,1,2018-03-26 16:20:45.333586000,pi3
 'gnfuv-temp-exp1-55d487b85b-lvr8n',59,19,1,2018-03-26 16:20:50.086127000,pi3
 'gnfuv-temp-exp1-55d487b85b-lvr8n',58,19,1,2018-03-26 16:20:54.841232000,pi3
 'gnfuv-temp-exp1-55d487b85b-lvr8n',58,19,1,2018-03-26 16:20:59.603087000,pi3
 'gnfuv-temp-exp1-55d487b85b-lvr8n',58,19,1,2018-03-26 16:21:04.353251000,pi3
 'gnfuv-temp-exp1-55d487b85b-lvr8n',58,19,1,2018-03-26 16:21:11.649841000,pi3
 'gnfuv-temp-exp1-55d487b85b-lvr8n',58,20,1,2018-03-26 16:21:16.419943000,pi3
 'gnfuv-temp-exp1-55d487b85b-lvr8n',58,20,1,2018-03-26 16:21:23.695199000,pi3
 'gnfuv-temp-exp1-55d487b85b-lvr8n',58,20,1,2018-03-26 16:21:30.956549000,pi3
 'gnfuv-temp-exp1-55d487b85b-lvr8n',57,20,1,2018-03-26 16:21:43.302902000,pi3
 'gnfuv-temp-exp1-55d487b85b-lvr8n',57,20,1,2018-03-26 16:21:48.059363000,pi3
 'gnfuv-temp-exp1-55d487b85b-lvr8n',57,20,1,2018-03-26 16:21:55.337098000,pi3
 'gnfuv-temp-exp1-55d487b85b-lvr8n',57,20,1,2018-03-26 16:22:05.155893000,pi3
 'gnfuv-temp-exp1-55d487b85b-lvr8n',57,20,1,2018-03-26 16:22:14.959013000,pi3
 'gnfuv-temp-exp1-55d487b85b-lvr8n',57,20,1,2018-03-26 16:22:19.705282000,pi3
 'gnfuv-temp-exp1-55d487b85b-lvr8n',57,20,1,2018-03-26 16:22:24.550164000,pi3
 'gnfuv-temp-exp1-55d487b85b-lvr8n',57,20,1,2018-03-26 16:22:29.323539000,pi3
 'gnfuv-temp-exp1-55d487b85b-lvr8n',57,20,1,2018-03-26 16:22:39.125927000,pi3
 'gnfuv-temp-exp1-55d487b85b-lvr8n',56,20,1,2018-03-26 16:22:48.933003000,pi3
 'gnfuv-temp-exp1-55d487b85b-lvr8n',55,20,1,2018-03-26 16:22:56.226387000,pi3
 'gnfuv-temp-exp1-55d487b85b-lvr8n',56,20,1,2018-03-26 16:23:00.985782000,pi3
 'gnfuv-temp-exp1-55d487b85b-lvr8n',56,20,1,2018-03-26 16:23:05.723568000,pi3
 'gnfuv-temp-exp1-55d487b85b-lvr8n',56,20,1,2018-03-26 16:23:13.007476000,pi3
 'gnfuv-temp-exp1-55d487b85b-lvr8n',56,20,1,2018-03-26 16:23:20.311207000,pi3
 'gnfuv-temp-exp1-55d487b85b-lvr8n',56,20,1,2018-03-26 16:23:30.119550000,pi3
 'gnfuv-temp-exp1-55d487b85b-lvr8n',57,21,1,2018-03-26 16:23:34.957857000,pi3
 'gnfuv-temp-exp1-55d487b85b-lvr8n',55,20,1,2018-03-26 16:23:42.233122000,pi3
 'gnfuv-temp-exp1-55d487b85b-lvr8n',56,21,1,2018-03-26 16:23:46.984917000,pi3
 'gnfuv-temp-exp1-55d487b85b-lvr8n',55,20,1,2018-03-26 16:23:51.758797000,pi3
 'gnfuv-temp-exp1-55d487b85b-lvr8n',56,21,1,2018-03-26 16:23:56.508322999,pi3
 'gnfuv-temp-exp1-55d487b85b-lvr8n',56,21,1,2018-03-26 16:24:01.269649000,pi3
 'gnfuv-temp-exp1-55d487b85b-lvr8n',56,21,1,2018-03-26 16:24:06.014656000,pi3
 'gnfuv-temp-exp1-55d487b85b-lvr8n',56,21,1,2018-03-26 16:24:25.941779000,pi3
 'gnfuv-temp-exp1-55d487b85b-lvr8n',56,21,1,2018-03-26 16:24:30.734850000,pi3
 'gnfuv-temp-exp1-55d487b85b-lvr8n',56,21,1,2018-03-26 16:24:38.059889000,pi3
 'gnfuv-temp-exp1-55d487b85b-nlbnh',56,21,1,2018-03-26 16:24:31.927499000,pi3
 'gnfuv-temp-exp1-55d487b85b-nlbnh',56,21,1,2018-03-26 16:24:44.320863000,pi3
 'gnfuv-temp-exp1-55d487b85b-nlbnh',56,21,1,2018-03-26 16:24:49.107466000,pi3
 'gnfuv-temp-exp1-55d487b85b-nlbnh',55,21,1,2018-03-26 16:24:53.860699000,pi3
 'gnfuv-temp-exp1-55d487b85b-nlbnh',55,21,1,2018-03-26 16:24:58.614298000,pi3
 'gnfuv-temp-exp1-55d487b85b-nlbnh',55,21,1,2018-03-26 16:25:03.402900000,pi3
 'gnfuv-temp-exp1-55d487b85b-nlbnh',55,21,1,2018-03-26 16:25:08.166311000,pi3
 'gnfuv-temp-exp1-55d487b85b-nlbnh',56,21,1,2018-03-26 16:25:18.214942000,pi3
 'gnfuv-temp-exp1-55d487b85b-nlbnh',55,21,1,2018-03-26 16:25:28.041862000,pi3
 'gnfuv-temp-exp1-55d487b85b-nlbnh',55,21,1,2018-03-26 16:25:32.789428000,pi3
 'gnfuv-temp-exp1-55d487b85b-nlbnh',55,21,1,2018-03-26 16:25:37.565188000,pi3
 'gnfuv-temp-exp1-55d487b85b-nlbnh',55,21,1,2018-03-26 16:25:42.320438000,pi3
 'gnfuv-temp-exp1-55d487b85b-nlbnh',55,21,1,2018-03-26 16:25:47.082842000,pi3
 'gnfuv-temp-exp1-55d487b85b-nlbnh',55,21,1,2018-03-26 16:25:51.833263000,pi3
 'gnfuv-temp-exp1-55d487b85b-nlbnh',55,21,1,2018-03-26 16:25:56.655693000,pi3
 'gnfuv-temp-exp1-55d487b85b-nlbnh',55,21,1,2018-03-26 16:26:03.936948000,pi3
 'gnfuv-temp-exp1-55d487b85b-nlbnh',55,21,1,2018-03-26 16:26:08.700621000,pi3
 'gnfuv-temp-exp1-55d487b85b-nlbnh',55,21,1,2018-03-26 16:26:16.073819000,pi3
 'gnfuv-temp-exp1-55d487b85b-nlbnh',55,21,1,2018-03-26 16:26:20.845542000,pi3
 'gnfuv-temp-exp1-55d487b85b-nlbnh',55,21,1,2018-03-26 16:26:25.607090000,pi3
 'gnfuv-temp-exp1-55d487b85b-nlbnh',54,21,1,2018-03-26 16:26:32.906983000,pi3
 'gnfuv-temp-exp1-55d487b85b-nlbnh',55,21,1,2018-03-26 16:26:37.663313000,pi3
 'gnfuv-temp-exp1-55d487b85b-nlbnh',54,21,1,2018-03-26 16:26:42.413463000,pi3
 'gnfuv-temp-exp1-55d487b85b-nlbnh',54,21,1,2018-03-26 16:26:49.698674000,pi3
 'gnfuv-temp-exp1-55d487b85b-nlbnh',55,21,1,2018-03-26 16:26:54.464618000,pi3
 'gnfuv-temp-exp1-55d487b85b-nlbnh',54,21,1,2018-03-26 16:26:59.343704000,pi3
 'gnfuv-temp-exp1-55d487b85b-nlbnh',55,21,1,2018-03-26 16:27:09.258295000,pi3
 'gnfuv-temp-exp1-55d487b85b-nlbnh',54,21,1,2018-03-26 16:27:14.012237000,pi3
 'gnfuv-temp-exp1-55d487b85b-nlbnh',55,22,1,2018-03-26 16:27:23.829916000,pi3
 'gnfuv-temp-exp1-55d487b85b-nlbnh',55,22,1,2018-03-26 16:27:28.575874000,pi3
 'gnfuv-temp-exp1-55d487b85b-nlbnh',55,22,1,2018-03-26 16:27:33.358659000,pi3
 'gnfuv-temp-exp1-55d487b85b-nlbnh',54,21,1,2018-03-26 16:27:38.193586000,pi3
 'gnfuv-temp-exp1-55d487b85b-nlbnh',55,22,1,2018-03-26 16:27:43.457827000,pi3
 'gnfuv-temp-exp1-55d487b85b-nlbnh',55,22,1,2018-03-26 16:27:48.230444000,pi3
 'gnfuv-temp-exp1-55d487b85b-nlbnh',55,22,1,2018-03-26 16:27:53.036439000,pi3
 'gnfuv-temp-exp1-55d487b85b-nlbnh',54,22,1,2018-03-26 16:28:02.895935000,pi3
 'gnfuv-temp-exp1-55d487b85b-nlbnh',55,22,1,2018-03-26 16:28:07.933320000,pi3
 'gnfuv-temp-exp1-55d487b85b-nlbnh',54,22,1,2018-03-26 16:28:17.801756000,pi3
 'gnfuv-temp-exp1-55d487b85b-nlbnh',54,22,1,2018-03-26 16:28:25.108353000,pi3
 'gnfuv-temp-exp1-55d487b85b-nlbnh',54,22,1,2018-03-26 16:28:30.526811000,pi3
 'gnfuv-temp-exp1-55d487b85b-nlbnh',54,22,1,2018-03-26 16:28:35.333555000,pi3
 'gnfuv-temp-exp1-55d487b85b-nlbnh',54,22,1,2018-03-26 16:28:40.309578000,pi3
 'gnfuv-temp-exp1-55d487b85b-nlbnh',54,22,1,2018-03-26 16:28:50.132998000,pi3
 'gnfuv-temp-exp1-55d487b85b-nlbnh',54,22,1,2018-03-26 16:28:54.960131000,pi3
 'gnfuv-temp-exp1-55d487b85b-nlbnh',53,22,1,2018-03-26 16:29:21.518858999,pi3
 'gnfuv-temp-exp1-55d487b85b-nlbnh',53,22,1,2018-03-26 16:29:33.058843000,pi3
 'gnfuv-temp-exp1-55d487b85b-nlbnh',53,22,1,2018-03-26 16:29:40.059985000,pi3
 'gnfuv-temp-exp1-55d487b85b-nlbnh',53,22,1,2018-03-26 16:30:04.861981000,pi3
 'gnfuv-temp-exp1-55d487b85b-nlbnh',51,22,1,2018-03-26 16:30:43.503413000,pi3
 'gnfuv-temp-exp1-55d487b85b-nlbnh',50,23,1,2018-03-26 16:30:57.646001000,pi3
 'gnfuv-temp-exp1-55d487b85b-nlbnh',51,23,1,2018-03-26 16:31:18.687644000,pi3
 'gnfuv-temp-exp1-55d487b85b-nlbnh',52,23,1,2018-03-26 16:31:33.342528000,pi3
 'gnfuv-temp-exp1-55d487b85b-nlbnh',52,23,1,2018-03-26 16:31:38.136011000,pi3
 'gnfuv-temp-exp1-55d487b85b-nlbnh',52,23,1,2018-03-26 16:31:42.931812000,pi3
 'gnfuv-temp-exp1-55d487b85b-nlbnh',52,23,1,2018-03-26 16:31:47.829890000,pi3
 'gnfuv-temp-exp1-55d487b85b-nlbnh',52,23,1,2018-03-26 16:31:55.123294000,pi3
 'gnfuv-temp-exp1-55d487b85b-nlbnh',52,23,1,2018-03-26 16:31:59.920195000,pi3
 'gnfuv-temp-exp1-55d487b85b-nlbnh',51,23,1,2018-03-26 16:32:04.685081000,pi3
 'gnfuv-temp-exp1-55d487b85b-nlbnh',52,23,1,2018-03-26 16:32:09.602072000,pi3
 'gnfuv-temp-exp1-55d487b85b-nlbnh',51,23,1,2018-03-26 16:32:17.096400000,pi3
 'gnfuv-temp-exp1-55d487b85b-nlbnh',52,23,1,2018-03-26 16:32:22.141291000,pi3
 'gnfuv-temp-exp1-55d487b85b-nlbnh',51,23,1,2018-03-26 16:32:27.751441000,pi3
 'gnfuv-temp-exp1-55d487b85b-nlbnh',51,23,1,2018-03-26 16:32:39.306095000,pi3
 'gnfuv-temp-exp1-55d487b85b-nlbnh',50,23,1,2018-03-26 16:32:49.128115000,pi3
 'gnfuv-temp-exp1-55d487b85b-nlbnh',51,23,1,2018-03-26 16:32:54.881589000,pi3
 'gnfuv-temp-exp1-55d487b85b-nlbnh',49,23,1,2018-03-26 16:32:59.908415000,pi3
 'gnfuv-temp-exp1-55d487b85b-nlbnh',50,23,1,2018-03-26 16:33:11.489502000,pi3
 'gnfuv-temp-exp1-55d487b85b-nlbnh',49,24,1,2018-03-26 16:33:45.073074000,pi3
 'gnfuv-temp-exp1-55d487b85b-nlbnh',50,23,1,2018-03-26 16:34:25.486009000,pi3
 'gnfuv-temp-exp1-55d487b85b-nlbnh',47,23,1,2018-03-26 16:34:47.519634999,pi3
 'gnfuv-temp-exp1-55d487b85b-nlbnh',49,24,1,2018-03-26 16:34:54.159168000,pi3
 'gnfuv-temp-exp1-55d487b85b-nlbnh',49,24,1,2018-03-26 16:35:03.326304000,pi3
 'gnfuv-temp-exp1-55d487b85b-nlbnh',49,24,1,2018-03-26 16:35:12.525262000,pi3
 'gnfuv-temp-exp1-55d487b85b-nlbnh',50,24,1,2018-03-26 16:35:16.319417000,pi3
 'gnfuv-temp-exp1-55d487b85b-nlbnh',49,24,1,2018-03-26 16:35:22.959054000,pi3
 'gnfuv-temp-exp1-55d487b85b-nlbnh',49,24,1,2018-03-26 16:35:32.126028000,pi3
 'gnfuv-temp-exp1-55d487b85b-nlbnh',49,24,1,2018-03-26 16:35:41.327423000,pi3
 'gnfuv-temp-exp1-55d487b85b-nlbnh',49,24,1,2018-03-26 16:35:47.999016000,pi3
 'gnfuv-temp-exp1-55d487b85b-nlbnh',49,24,1,2018-03-26 16:35:54.639085000,pi3
 'gnfuv-temp-exp1-55d487b85b-nlbnh',48,24,1,2018-03-26 16:36:01.276155000,pi3
 'gnfuv-temp-exp1-55d487b85b-nlbnh',48,24,1,2018-03-26 16:36:07.919124000,pi3
 'gnfuv-temp-exp1-55d487b85b-nlbnh',48,24,1,2018-03-26 16:36:17.086675000,pi3
 'gnfuv-temp-exp1-55d487b85b-nlbnh',49,24,1,2018-03-26 16:36:23.759060000,pi3
 'gnfuv-temp-exp1-55d487b85b-nlbnh',48,24,1,2018-03-26 16:36:30.399176000,pi3
 'gnfuv-temp-exp1-55d487b85b-nlbnh',48,24,1,2018-03-26 16:36:37.039092000,pi3
 'gnfuv-temp-exp1-55d487b85b-nlbnh',48,24,1,2018-03-26 16:36:46.207134000,pi3
 'gnfuv-temp-exp1-55d487b85b-nlbnh',49,24,1,2018-03-26 16:36:57.935202000,pi3
 'gnfuv-temp-exp1-55d487b85b-nlbnh',48,24,1,2018-03-26 16:37:07.167199000,pi3
 'gnfuv-temp-exp1-55d487b85b-nlbnh',48,24,1,2018-03-26 16:37:45.806383000,pi3
 'gnfuv-temp-exp1-55d487b85b-nlbnh',48,24,1,2018-03-26 16:37:57.538479000,pi3
 'gnfuv-temp-exp1-55d487b85b-nlbnh',48,25,1,2018-03-26 16:38:11.819556000,pi3
 'gnfuv-temp-exp1-55d487b85b-nlbnh',48,25,1,2018-03-26 16:38:18.479366000,pi3
 'gnfuv-temp-exp1-55d487b85b-nlbnh',47,25,1,2018-03-26 16:38:25.119164000,pi3
 'gnfuv-temp-exp1-55d487b85b-nlbnh',47,25,1,2018-03-26 16:38:34.286934000,pi3
 'gnfuv-temp-exp1-55d487b85b-nlbnh',47,25,1,2018-03-26 16:38:43.486981000,pi3
 'gnfuv-temp-exp1-55d487b85b-nlbnh',47,25,1,2018-03-26 16:38:50.159235000,pi3
 'gnfuv-temp-exp1-55d487b85b-nlbnh',47,25,1,2018-03-26 16:38:56.799357000,pi3
 'gnfuv-temp-exp1-55d487b85b-nlbnh',47,25,1,2018-03-26 16:39:03.438842000,pi3
 'gnfuv-temp-exp1-55d487b85b-nlbnh',47,25,1,2018-03-26 16:39:10.079347000,pi3
 'gnfuv-temp-exp1-55d487b85b-nlbnh',46,25,1,2018-03-26 16:39:19.246795000,pi3
 'gnfuv-temp-exp1-55d487b85b-nlbnh',47,25,1,2018-03-26 16:39:30.973175000,pi3
 'gnfuv-temp-exp1-55d487b85b-nlbnh',46,25,1,2018-03-26 16:39:40.207041000,pi3
 'gnfuv-temp-exp1-55d487b85b-nlbnh',46,25,1,2018-03-26 16:39:49.407151000,pi3
 'gnfuv-temp-exp1-55d487b85b-nlbnh',46,25,1,2018-03-26 16:39:58.607101000,pi3
 'gnfuv-temp-exp1-55d487b85b-nlbnh',47,25,1,2018-03-26 16:40:05.279170000,pi3
 'gnfuv-temp-exp1-55d487b85b-nlbnh',46,25,1,2018-03-26 16:40:11.919292000,pi3
 'gnfuv-temp-exp1-55d487b85b-nlbnh',46,25,1,2018-03-26 16:40:21.086358000,pi3
 'gnfuv-temp-exp1-55d487b85b-nlbnh',46,25,1,2018-03-26 16:40:30.287071000,pi3
 'gnfuv-temp-exp1-55d487b85b-nlbnh',46,25,1,2018-03-26 16:40:36.959308000,pi3
 'gnfuv-temp-exp1-55d487b85b-nlbnh',46,25,1,2018-03-26 16:40:46.127095999,pi3
 'gnfuv-temp-exp1-55d487b85b-nlbnh',46,25,1,2018-03-26 16:40:52.799278000,pi3
 'gnfuv-temp-exp1-55d487b85b-nlbnh',46,25,1,2018-03-26 16:41:04.494911000,pi3
 'gnfuv-temp-exp1-55d487b85b-nlbnh',46,25,1,2018-03-26 16:41:11.199482000,pi3
 'gnfuv-temp-exp1-55d487b85b-nlbnh',45,25,1,2018-03-26 16:41:20.367093000,pi3
 'gnfuv-temp-exp1-55d487b85b-nlbnh',46,25,1,2018-03-26 16:41:27.039269000,pi3
 'gnfuv-temp-exp1-55d487b85b-nlbnh',45,25,1,2018-03-26 16:41:33.678378000,pi3
 'gnfuv-temp-exp1-55d487b85b-nlbnh',45,25,1,2018-03-26 16:41:40.319617000,pi3
 'gnfuv-temp-exp1-55d487b85b-nlbnh',45,25,1,2018-03-26 16:41:49.487194000,pi3
 'gnfuv-temp-exp1-55d487b85b-nlbnh',46,25,1,2018-03-26 16:41:56.159763000,pi3
 'gnfuv-temp-exp1-55d487b85b-nlbnh',45,25,1,2018-03-26 16:42:02.799470000,pi3
 'gnfuv-temp-exp1-55d487b85b-nlbnh',45,25,1,2018-03-26 16:42:11.964234000,pi3
 'gnfuv-temp-exp1-55d487b85b-nlbnh',46,25,1,2018-03-26 16:42:18.637377000,pi3
 'gnfuv-temp-exp1-55d487b85b-nlbnh',45,25,1,2018-03-26 16:42:27.807283000,pi3
 'gnfuv-temp-exp1-55d487b85b-nlbnh',45,25,1,2018-03-26 16:42:37.007108000,pi3
 'gnfuv-temp-exp1-55d487b85b-nlbnh',46,25,1,2018-03-26 16:42:43.679213000,pi3
 'gnfuv-temp-exp1-55d487b85b-nlbnh',45,25,1,2018-03-26 16:42:52.847345000,pi3
 'gnfuv-temp-exp1-55d487b85b-nlbnh',46,25,1,2018-03-26 16:42:59.519242000,pi3
 'gnfuv-temp-exp1-55d487b85b-nlbnh',45,25,1,2018-03-26 16:43:06.159535000,pi3
 'gnfuv-temp-exp1-55d487b85b-nlbnh',45,25,1,2018-03-26 16:43:15.327235000,pi3
 'gnfuv-temp-exp1-55d487b85b-nlbnh',45,25,1,2018-03-26 16:43:21.999409000,pi3
 'gnfuv-temp-exp1-55d487b85b-nlbnh',45,25,1,2018-03-26 16:43:28.639345000,pi3
 'gnfuv-temp-exp1-55d487b85b-nlbnh',45,25,1,2018-03-26 16:43:40.335092000,pi3
 'gnfuv-temp-exp1-55d487b85b-nlbnh',46,25,1,2018-03-26 16:43:47.039148000,pi3
 'gnfuv-temp-exp1-55d487b85b-nlbnh',45,25,1,2018-03-26 16:43:56.207360000,pi3
 'gnfuv-temp-exp1-55d487b85b-nlbnh',46,26,1,2018-03-26 16:44:02.877872000,pi3
 'gnfuv-temp-exp1-55d487b85b-nlbnh',45,25,1,2018-03-26 16:44:09.519375999,pi3
 'gnfuv-temp-exp1-55d487b85b-nlbnh',46,26,1,2018-03-26 16:44:18.686771000,pi3
 'gnfuv-temp-exp1-55d487b85b-nlbnh',45,25,1,2018-03-26 16:44:25.358413000,pi3
 'gnfuv-temp-exp1-55d487b85b-nlbnh',46,26,1,2018-03-26 16:44:31.999657000,pi3
 'gnfuv-temp-exp1-55d487b85b-nlbnh',46,26,1,2018-03-26 16:44:41.166925000,pi3
 'gnfuv-temp-exp1-55d487b85b-nlbnh',46,26,1,2018-03-26 16:44:47.839169000,pi3
 'gnfuv-temp-exp1-55d487b85b-nlbnh',46,26,1,2018-03-26 16:44:57.006920000,pi3
 'gnfuv-temp-exp1-55d487b85b-nlbnh',46,26,1,2018-03-26 16:45:11.261913999,pi3
 'gnfuv-temp-exp1-55d487b85b-nlbnh',46,26,1,2018-03-26 16:45:20.446937000,pi3
 'gnfuv-temp-exp1-55d487b85b-nlbnh',46,26,1,2018-03-26 16:45:27.119614000,pi3
 'gnfuv-temp-exp1-55d487b85b-nlbnh',45,26,1,2018-03-26 16:45:36.289687000,pi3
 'gnfuv-temp-exp1-55d487b85b-nlbnh',45,26,1,2018-03-26 16:45:45.487100000,pi3
 'gnfuv-temp-exp1-55d487b85b-nlbnh',46,26,1,2018-03-26 16:45:52.159301000,pi3
 'gnfuv-temp-exp1-55d487b85b-nlbnh',45,26,1,2018-03-26 16:46:01.329398000,pi3
 'gnfuv-temp-exp1-55d487b85b-nlbnh',45,26,1,2018-03-26 16:46:10.527082000,pi3
 'gnfuv-temp-exp1-55d487b85b-nlbnh',46,26,1,2018-03-26 16:46:17.199219000,pi3
 'gnfuv-temp-exp1-55d487b85b-nlbnh',45,26,1,2018-03-26 16:46:23.839298000,pi3
 'gnfuv-temp-exp1-55d487b85b-nlbnh',45,26,1,2018-03-26 16:46:33.007011000,pi3
 'gnfuv-temp-exp1-55d487b85b-nlbnh',45,26,1,2018-03-26 16:46:42.207244000,pi3
 'gnfuv-temp-exp1-55d487b85b-nlbnh',45,26,1,2018-03-26 16:46:51.407342000,pi3
 'gnfuv-temp-exp1-55d487b85b-nlbnh',45,26,1,2018-03-26 16:47:00.607100000,pi3
 'gnfuv-temp-exp1-55d487b85b-nlbnh',45,26,1,2018-03-26 16:47:07.279244000,pi3
 'gnfuv-temp-exp1-55d487b85b-nlbnh',45,26,1,2018-03-26 16:47:45.917853000,pi3
 'gnfuv-temp-exp1-55d487b85b-nlbnh',44,26,1,2018-03-26 16:48:10.687041000,pi3
 'gnfuv-temp-exp1-55d487b85b-nlbnh',44,26,1,2018-03-26 16:48:19.887255000,pi3
 'gnfuv-temp-exp1-55d487b85b-nlbnh',44,26,1,2018-03-26 16:48:27.006913000,pi3
 'gnfuv-temp-exp1-55d487b85b-nlbnh',45,26,1,2018-03-26 16:48:31.598942000,pi3
 'gnfuv-temp-exp1-55d487b85b-nlbnh',44,26,1,2018-03-26 16:48:36.159106000,pi3
 'gnfuv-temp-exp1-55d487b85b-nlbnh',44,27,1,2018-03-26 16:48:52.907909000,pi3
 'gnfuv-temp-exp1-55d487b85b-nlbnh',44,27,1,2018-03-26 16:48:59.599398000,pi3
 'gnfuv-temp-exp1-55d487b85b-nlbnh',44,27,1,2018-03-26 16:49:06.239216000,pi3
 'gnfuv-temp-exp1-55d487b85b-nlbnh',44,27,1,2018-03-26 16:49:15.406808000,pi3
 'gnfuv-temp-exp1-55d487b85b-nlbnh',44,27,1,2018-03-26 16:49:24.606852000,pi3
 'gnfuv-temp-exp1-55d487b85b-nlbnh',44,27,1,2018-03-26 16:49:33.806818000,pi3
 'gnfuv-temp-exp1-55d487b85b-nlbnh',44,27,1,2018-03-26 16:49:43.007101000,pi3
 'gnfuv-temp-exp1-55d487b85b-nlbnh',44,27,1,2018-03-26 16:49:52.207052000,pi3
 'gnfuv-temp-exp1-55d487b85b-nlbnh',44,27,1,2018-03-26 16:50:01.407053000,pi3
 'gnfuv-temp-exp1-55d487b85b-nlbnh',44,27,1,2018-03-26 16:50:10.606864000,pi3
 'gnfuv-temp-exp1-55d487b85b-nlbnh',44,27,1,2018-03-26 16:50:17.279262000,pi3
 'gnfuv-temp-exp1-55d487b85b-nlbnh',44,27,1,2018-03-26 16:50:23.919457000,pi3
 'gnfuv-temp-exp1-55d487b85b-nlbnh',44,27,1,2018-03-26 16:50:33.090929000,pi3
 'gnfuv-temp-exp1-55d487b85b-nlbnh',44,27,1,2018-03-26 16:50:39.759088000,pi3
 'gnfuv-temp-exp1-55d487b85b-nlbnh',44,27,1,2018-03-26 16:50:48.926986000,pi3
 'gnfuv-temp-exp1-55d487b85b-nlbnh',44,27,1,2018-03-26 16:50:58.130698000,pi3
 'gnfuv-temp-exp1-55d487b85b-nlbnh',44,27,1,2018-03-26 16:51:04.799134000,pi3
 'gnfuv-temp-exp1-55d487b85b-nlbnh',44,27,1,2018-03-26 16:51:11.439243000,pi3
 'gnfuv-temp-exp1-55d487b85b-nlbnh',44,27,1,2018-03-26 16:51:23.134991000,pi3
 'gnfuv-temp-exp1-55d487b85b-nlbnh',43,27,1,2018-03-26 16:51:32.368290000,pi3
 'gnfuv-temp-exp1-55d487b85b-nlbnh',44,27,1,2018-03-26 16:51:39.039127000,pi3
 'gnfuv-temp-exp1-55d487b85b-nlbnh',43,27,1,2018-03-26 16:51:48.206812000,pi3
 'gnfuv-temp-exp1-55d487b85b-nlbnh',44,27,1,2018-03-26 16:51:59.933204000,pi3
 'gnfuv-temp-exp1-55d487b85b-nlbnh',44,27,1,2018-03-26 16:52:06.639201000,pi3
 'gnfuv-temp-exp1-55d487b85b-nlbnh',43,27,1,2018-03-26 16:52:15.807339000,pi3
 'gnfuv-temp-exp1-55d487b85b-nlbnh',44,27,1,2018-03-26 16:52:22.477943000,pi3
 'gnfuv-temp-exp1-55d487b85b-nlbnh',43,27,1,2018-03-26 16:52:31.647037000,pi3
 'gnfuv-temp-exp1-55d487b85b-nlbnh',43,27,1,2018-03-26 16:52:40.847139000,pi3
 'gnfuv-temp-exp1-55d487b85b-nlbnh',44,27,1,2018-03-26 16:52:47.519192000,pi3
 'gnfuv-temp-exp1-55d487b85b-nlbnh',43,27,1,2018-03-26 16:52:54.159635000,pi3
 'gnfuv-temp-exp1-55d487b85b-nlbnh',43,27,1,2018-03-26 16:53:00.799156000,pi3
 'gnfuv-temp-exp1-55d487b85b-nlbnh',43,27,1,2018-03-26 16:53:07.439192000,pi3
 'gnfuv-temp-exp1-55d487b85b-nlbnh',43,27,1,2018-03-26 16:53:16.607125000,pi3
 'gnfuv-temp-exp1-55d487b85b-nlbnh',44,27,1,2018-03-26 16:53:28.333177000,pi3
 'gnfuv-temp-exp1-55d487b85b-nlbnh',43,27,1,2018-03-26 16:53:37.486978000,pi3
 'gnfuv-temp-exp1-55d487b85b-nlbnh',44,27,1,2018-03-26 16:53:44.159135000,pi3
 'gnfuv-temp-exp1-55d487b85b-nlbnh',43,27,1,2018-03-26 16:53:53.327122000,pi3
 'gnfuv-temp-exp1-55d487b85b-nlbnh',44,27,1,2018-03-26 16:54:00.000345000,pi3
 'gnfuv-temp-exp1-55d487b85b-nlbnh',43,27,1,2018-03-26 16:54:06.639424000,pi3
 'gnfuv-temp-exp1-55d487b85b-nlbnh',43,27,1,2018-03-26 16:54:13.276557000,pi3
 'gnfuv-temp-exp1-55d487b85b-nlbnh',43,27,1,2018-03-26 16:54:19.919166000,pi3
 'gnfuv-temp-exp1-55d487b85b-nlbnh',44,27,1,2018-03-26 16:54:31.614887000,pi3
 'gnfuv-temp-exp1-55d487b85b-nlbnh',44,27,1,2018-03-26 16:54:38.319724000,pi3
 'gnfuv-temp-exp1-55d487b85b-nlbnh',43,27,1,2018-03-26 16:54:44.959201000,pi3
 'gnfuv-temp-exp1-55d487b85b-nlbnh',43,27,1,2018-03-26 16:54:51.598735000,pi3
 'gnfuv-temp-exp1-55d487b85b-nlbnh',43,27,1,2018-03-26 16:55:08.351532000,pi3
 'gnfuv-temp-exp1-55d487b85b-s9fjc',46,25,1,2018-03-26 10:26:04.943495000,pi3
 'gnfuv-temp-exp1-55d487b85b-s9fjc',47,25,1,2018-03-26 10:26:12.270875000,pi3
 'gnfuv-temp-exp1-55d487b85b-s9fjc',47,25,1,2018-03-26 10:26:17.068985000,pi3
 'gnfuv-temp-exp1-55d487b85b-s9fjc',46,25,1,2018-03-26 10:26:21.860482000,pi3
 'gnfuv-temp-exp1-55d487b85b-s9fjc',46,25,1,2018-03-26 10:26:26.717118000,pi3
 'gnfuv-temp-exp1-55d487b85b-s9fjc',46,25,1,2018-03-26 10:26:31.510063000,pi3
 'gnfuv-temp-exp1-55d487b85b-s9fjc',46,25,1,2018-03-26 10:26:38.791049000,pi3
 'gnfuv-temp-exp1-55d487b85b-s9fjc',47,25,1,2018-03-26 10:26:43.552160000,pi3
 'gnfuv-temp-exp1-55d487b85b-s9fjc',47,25,1,2018-03-26 10:26:53.411022000,pi3
 'gnfuv-temp-exp1-55d487b85b-s9fjc',47,25,1,2018-03-26 10:26:58.204014000,pi3
 'gnfuv-temp-exp1-55d487b85b-s9fjc',46,25,1,2018-03-26 10:27:03.186538000,pi3
 'gnfuv-temp-exp1-55d487b85b-s9fjc',47,25,1,2018-03-26 10:27:13.159159000,pi3
 'gnfuv-temp-exp1-55d487b85b-s9fjc',47,25,1,2018-03-26 10:27:17.945279000,pi3
 'gnfuv-temp-exp1-55d487b85b-s9fjc',46,24,1,2018-03-26 10:27:25.269316000,pi3
 'gnfuv-temp-exp1-55d487b85b-s9fjc',47,25,1,2018-03-26 10:27:30.020986000,pi3
 'gnfuv-temp-exp1-55d487b85b-s9fjc',47,25,1,2018-03-26 10:27:37.365151000,pi3
 'gnfuv-temp-exp1-55d487b85b-s9fjc',47,25,1,2018-03-26 10:27:44.680862000,pi3
 'gnfuv-temp-exp1-55d487b85b-s9fjc',47,25,1,2018-03-26 10:27:49.581362000,pi3
 'gnfuv-temp-exp1-55d487b85b-s9fjc',47,25,1,2018-03-26 10:27:54.351439000,pi3
 'gnfuv-temp-exp1-55d487b85b-s9fjc',47,25,1,2018-03-26 10:28:04.213190000,pi3
 'gnfuv-temp-exp1-55d487b85b-s9fjc',47,25,1,2018-03-26 10:28:09.061239000,pi3
 'gnfuv-temp-exp1-55d487b85b-s9fjc',47,25,1,2018-03-26 10:28:13.811485000,pi3
 'gnfuv-temp-exp1-55d487b85b-s9fjc',47,25,1,2018-03-26 10:28:18.615115000,pi3
 'gnfuv-temp-exp1-55d487b85b-s9fjc',47,25,1,2018-03-26 10:28:23.450539000,pi3
 'gnfuv-temp-exp1-55d487b85b-s9fjc',47,25,1,2018-03-26 10:28:28.249300000,pi3
 'gnfuv-temp-exp1-55d487b85b-s9fjc',47,25,1,2018-03-26 10:28:35.728231000,pi3
 'gnfuv-temp-exp1-55d487b85b-s9fjc',47,25,1,2018-03-26 10:28:40.586465000,pi3
 'gnfuv-temp-exp1-55d487b85b-s9fjc',47,25,1,2018-03-26 10:28:50.398605000,pi3
 'gnfuv-temp-exp1-55d487b85b-s9fjc',47,25,1,2018-03-26 10:28:55.201654000,pi3
 'gnfuv-temp-exp1-55d487b85b-s9fjc',47,25,1,2018-03-26 10:28:59.991510000,pi3
 'gnfuv-temp-exp1-55d487b85b-s9fjc',47,25,1,2018-03-26 10:29:07.259983000,pi3
 'gnfuv-temp-exp1-55d487b85b-s9fjc',47,25,1,2018-03-26 10:29:14.536421999,pi3
 'gnfuv-temp-exp1-55d487b85b-s9fjc',47,25,1,2018-03-26 10:29:19.381924000,pi3
 'gnfuv-temp-exp1-55d487b85b-s9fjc',46,25,1,2018-03-26 10:29:24.203952000,pi3
 'gnfuv-temp-exp1-55d487b85b-s9fjc',46,25,1,2018-03-26 10:29:31.467978000,pi3
 'gnfuv-temp-exp1-55d487b85b-s9fjc',47,25,1,2018-03-26 10:29:36.360468000,pi3
 'gnfuv-temp-exp1-55d487b85b-s9fjc',46,25,1,2018-03-26 10:29:41.120849000,pi3
 'gnfuv-temp-exp1-55d487b85b-s9fjc',46,25,1,2018-03-26 10:29:48.383713000,pi3
 'gnfuv-temp-exp1-55d487b85b-s9fjc',46,25,1,2018-03-26 10:29:55.680765000,pi3
 'gnfuv-temp-exp1-55d487b85b-s9fjc',46,25,1,2018-03-26 10:30:03.017378000,pi3
 'gnfuv-temp-exp1-55d487b85b-s9fjc',46,25,1,2018-03-26 10:30:07.927803000,pi3
 'gnfuv-temp-exp1-55d487b85b-s9fjc',46,25,1,2018-03-26 10:30:12.731541000,pi3
 'gnfuv-temp-exp1-55d487b85b-s9fjc',46,25,1,2018-03-26 10:30:22.584744000,pi3
 'gnfuv-temp-exp1-55d487b85b-s9fjc',46,25,1,2018-03-26 10:30:27.341390000,pi3
 'gnfuv-temp-exp1-55d487b85b-s9fjc',46,25,1,2018-03-26 10:30:32.101761000,pi3
 'gnfuv-temp-exp1-55d487b85b-s9fjc',46,25,1,2018-03-26 10:30:39.401056000,pi3
 'gnfuv-temp-exp1-55d487b85b-s9fjc',46,25,1,2018-03-26 10:30:44.465110000,pi3
 'gnfuv-temp-exp1-55d487b85b-s9fjc',46,25,1,2018-03-26 10:30:49.310454000,pi3
 'gnfuv-temp-exp1-55d487b85b-s9fjc',46,25,1,2018-03-26 10:30:54.127611000,pi3
 'gnfuv-temp-exp1-55d487b85b-s9fjc',46,25,1,2018-03-26 10:30:58.940952000,pi3
 'gnfuv-temp-exp1-55d487b85b-s9fjc',45,25,1,2018-03-26 10:31:03.700509000,pi3
 'gnfuv-temp-exp1-55d487b85b-s9fjc',45,25,1,2018-03-26 10:31:08.664524000,pi3
 'gnfuv-temp-exp1-55d487b85b-s9fjc',45,25,1,2018-03-26 10:31:13.420788000,pi3
 'gnfuv-temp-exp1-55d487b85b-s9fjc',45,25,1,2018-03-26 10:31:18.211661000,pi3
 'gnfuv-temp-exp1-55d487b85b-s9fjc',45,25,1,2018-03-26 10:31:25.551115000,pi3
 'gnfuv-temp-exp1-55d487b85b-s9fjc',45,25,1,2018-03-26 10:31:32.849874000,pi3
 'gnfuv-temp-exp1-55d487b85b-s9fjc',46,25,1,2018-03-26 10:31:37.655806000,pi3
 'gnfuv-temp-exp1-55d487b85b-s9fjc',45,25,1,2018-03-26 10:31:42.509526000,pi3
 'gnfuv-temp-exp1-55d487b85b-s9fjc',45,25,1,2018-03-26 10:31:47.293098000,pi3
 'gnfuv-temp-exp1-55d487b85b-s9fjc',45,25,1,2018-03-26 10:31:52.132855000,pi3
 'gnfuv-temp-exp1-55d487b85b-s9fjc',45,25,1,2018-03-26 10:31:56.876685000,pi3
 'gnfuv-temp-exp1-55d487b85b-s9fjc',45,25,1,2018-03-26 10:32:01.685383000,pi3
 'gnfuv-temp-exp1-55d487b85b-s9fjc',45,25,1,2018-03-26 10:32:06.417985000,pi3
 'gnfuv-temp-exp1-55d487b85b-s9fjc',45,25,1,2018-03-26 10:32:11.254399000,pi3
 'gnfuv-temp-exp1-55d487b85b-s9fjc',45,25,1,2018-03-26 10:32:23.594069000,pi3
 'gnfuv-temp-exp1-55d487b85b-s9fjc',45,25,1,2018-03-26 10:32:28.346479000,pi3
 'gnfuv-temp-exp1-55d487b85b-s9fjc',45,25,1,2018-03-26 10:32:33.132428999,pi3
 'gnfuv-temp-exp1-55d487b85b-s9fjc',45,25,1,2018-03-26 10:32:37.963362000,pi3
 'gnfuv-temp-exp1-55d487b85b-s9fjc',45,25,1,2018-03-26 10:32:42.781272000,pi3
 'gnfuv-temp-exp1-55d487b85b-s9fjc',45,25,1,2018-03-26 10:32:47.569946000,pi3
 'gnfuv-temp-exp1-55d487b85b-s9fjc',45,25,1,2018-03-26 10:32:52.389438000,pi3
 'gnfuv-temp-exp1-55d487b85b-s9fjc',45,25,1,2018-03-26 10:32:57.251305000,pi3
 'gnfuv-temp-exp1-55d487b85b-s9fjc',45,25,1,2018-03-26 10:33:02.203969000,pi3
 'gnfuv-temp-exp1-55d487b85b-s9fjc',45,25,1,2018-03-26 10:33:12.004793000,pi3
 'gnfuv-temp-exp1-55d487b85b-s9fjc',45,25,1,2018-03-26 10:33:16.793623000,pi3
 'gnfuv-temp-exp1-55d487b85b-s9fjc',45,25,1,2018-03-26 10:33:21.538531000,pi3
 'gnfuv-temp-exp1-55d487b85b-s9fjc',45,25,1,2018-03-26 10:33:26.348702000,pi3
 'gnfuv-temp-exp1-55d487b85b-s9fjc',45,25,1,2018-03-26 10:33:33.681747000,pi3
 'gnfuv-temp-exp1-55d487b85b-s9fjc',45,25,1,2018-03-26 10:33:38.508383000,pi3
 'gnfuv-temp-exp1-55d487b85b-s9fjc',45,25,1,2018-03-26 10:33:43.254159000,pi3
 'gnfuv-temp-exp1-55d487b85b-s9fjc',45,25,1,2018-03-26 10:33:47.998902000,pi3
 'gnfuv-temp-exp1-55d487b85b-s9fjc',45,25,1,2018-03-26 10:33:55.286859000,pi3
 'gnfuv-temp-exp1-55d487b85b-s9fjc',45,25,1,2018-03-26 10:34:00.063368999,pi3
 'gnfuv-temp-exp1-55d487b85b-s9fjc',44,25,1,2018-03-26 10:34:07.445167000,pi3
 'gnfuv-temp-exp1-55d487b85b-s9fjc',45,25,1,2018-03-26 10:34:12.318359000,pi3
 'gnfuv-temp-exp1-55d487b85b-s9fjc',44,25,1,2018-03-26 10:34:17.076992000,pi3
 'gnfuv-temp-exp1-55d487b85b-s9fjc',44,25,1,2018-03-26 10:34:21.882881000,pi3
 'gnfuv-temp-exp1-55d487b85b-s9fjc',44,25,1,2018-03-26 10:34:29.465804000,pi3
 'gnfuv-temp-exp1-55d487b85b-s9fjc',45,25,1,2018-03-26 10:34:34.422353000,pi3
 'gnfuv-temp-exp1-55d487b85b-s9fjc',44,25,1,2018-03-26 10:34:39.239394000,pi3
 'gnfuv-temp-exp1-55d487b85b-s9fjc',44,25,1,2018-03-26 10:34:44.035647000,pi3
 'gnfuv-temp-exp1-55d487b85b-s9fjc',44,25,1,2018-03-26 10:34:51.420339000,pi3
 'gnfuv-temp-exp1-55d487b85b-s9fjc',45,25,1,2018-03-26 10:34:56.501019000,pi3
 'gnfuv-temp-exp1-55d487b85b-s9fjc',44,25,1,2018-03-26 10:35:03.895031000,pi3
 'gnfuv-temp-exp1-55d487b85b-s9fjc',45,25,1,2018-03-26 10:35:08.711321000,pi3
 'gnfuv-temp-exp1-55d487b85b-s9fjc',45,25,1,2018-03-26 10:35:13.460805000,pi3
 'gnfuv-temp-exp1-55d487b85b-s9fjc',45,25,1,2018-03-26 10:35:20.834307000,pi3
 'gnfuv-temp-exp1-55d487b85b-s9fjc',45,25,1,2018-03-26 10:35:25.592844000,pi3
 'gnfuv-temp-exp1-55d487b85b-s9fjc',45,25,1,2018-03-26 10:35:30.387030000,pi3
